date,change
2008-01-02,-0.016650056314371442
2008-01-03,0.0009782305373521706
2008-01-04,-0.019648119895348835
2008-01-07,0.0021335637467597714
2008-01-08,-0.018586644776179915
2008-01-09,0.011616425994930506
2008-01-10,0.009248302554080007
2008-01-11,-0.01920083030617547
2008-01-14,0.013632072852462688
2008-01-15,-0.02168075973439027
2008-01-16,-0.002795751737245791
2008-01-17,-0.024622658460985637
2008-01-18,-0.004927129311854953
2008-01-22,-0.01058821584719767
2008-01-23,0.024974960718190886
2008-01-24,0.00883769336529164
2008-01-25,-0.013849697179247144
2008-01-28,0.01447673785160683
2008-01-29,0.007785114370363421
2008-01-30,-0.0030023316747193056
2008-01-31,0.01667868161824928
2008-02-01,0.0073381310887595235
2008-02-04,-0.00847746914234196
2008-02-05,-0.02928573915961497
2008-02-06,-0.005302022889280329
2008-02-07,0.0038442307849935356
2008-02-08,-0.005296807381399592
2008-02-11,0.004751221666490262
2008-02-12,0.010898683906303969
2008-02-13,0.01445276605236551
2008-02-14,-0.013962448136746925
2008-02-15,-0.0023244765685975447
2008-02-19,-0.0008900075395542983
2008-02-20,0.0072982406085002035
2008-02-21,-0.011503742578814714
2008-02-22,0.007873464503472007
2008-02-25,0.015281455001284135
2008-02-26,0.009124740855768693
2008-02-27,0.000737884038685351
2008-02-28,-0.00883074896725142
2008-02-29,-0.025098194430535955
2008-03-03,-0.0006106115980333074
2008-03-04,-0.0036789597761626544
2008-03-05,0.0033724148094778457
2008-03-06,-0.017511234199293544
2008-03-07,-0.012183990717908549
2008-03-10,-0.0129093662269658
2008-03-11,0.03549017687167539
2008-03-12,-0.003830774685135304
2008-03-13,0.0029314035064540423
2008-03-14,-0.016026195192717745
2008-03-17,0.0017705497992233222
2008-03-18,0.03511537096201632
2008-03-19,-0.02364302740493163
2008-03-20,0.021625401044326854
2008-03-24,0.01515372144722406
2008-03-25,-0.0012782261663414566
2008-03-26,-0.00875636340424172
2008-03-27,-0.009691810098479855
2008-03-28,-0.006995348897700094
2008-03-31,0.0038055400936445913
2008-04-01,0.03192314372876224
2008-04-02,-0.0035908572223328963
2008-04-03,0.001356975855188278
2008-04-04,-0.0013155362374396846
2008-04-07,0.00023871042442873806
2008-04-08,-0.0028535341722411766
2008-04-09,-0.003910486592390239
2008-04-10,0.004368074103993957
2008-04-11,-0.0203910672247134
2008-04-14,-0.0018952701003292856
2008-04-15,0.004910559694880358
2008-04-16,0.020772547880803845
2008-04-17,9.667754156930989e-05
2008-04-18,0.01813479508323376
2008-04-21,-0.001894257768480309
2008-04-22,-0.008170747492011776
2008-04-23,0.0033796558710023155
2008-04-24,0.00671695700614746
2008-04-25,0.0033395724942504915
2008-04-28,-0.0015598990370668455
2008-04-29,-0.003092819546681647
2008-04-30,-0.0009203596650234734
2008-05-01,0.01481030223562482
2008-05-02,0.0037048424289009016
2008-05-05,-0.006789603467552943
2008-05-06,0.0039546506660991096
2008-05-07,-0.01585766805956299
2008-05-08,0.004091506787312684
2008-05-09,-0.009396290291743657
2008-05-12,0.01023311062084378
2008-05-13,-0.003427224103799862
2008-05-14,0.0051589051899208795
2008-05-15,0.00730944506209312
2008-05-16,-0.00045102388579402385
2008-05-19,0.0031847722302646214
2008-05-20,-0.015311448431704828
2008-05-21,-0.017732923418465482
2008-05-22,0.0019387057888977381
2008-05-23,-0.011562996510270512
2008-05-27,0.005506573512195567
2008-05-28,0.0036403192451597453
2008-05-29,0.004144026971509412
2008-05-30,-0.0006246925958902847
2008-06-02,-0.010642237259382577
2008-06-03,-0.008075132239587529
2008-06-04,-0.0009973514151989905
2008-06-05,0.017268903222474125
2008-06-06,-0.031309577173141326
2008-06-09,0.005774864637533281
2008-06-10,0.0007687096101730663
2008-06-11,-0.016761108434989763
2008-06-12,0.00478410297448557
2008-06-13,0.013653083041910562
2008-06-16,-0.0031095239836358302
2008-06-17,-0.008866190456008165
2008-06-18,-0.010792496895635781
2008-06-19,0.00282898248075915
2008-06-20,-0.018270608940163725
2008-06-23,-2.7865290740526623e-05
2008-06-24,-0.00294958099567994
2008-06-25,0.0003726467148227545
2008-06-26,-0.030343308361193807
2008-06-27,-0.009334329833359805
2008-06-30,0.0003084648936104582
2008-07-01,0.0028414071881874992
2008-07-02,-0.014649990423694416
2008-07-03,0.006511518424039625
2008-07-07,-0.00501216277747182
2008-07-08,0.013555069640561399
2008-07-09,-0.02079810544605191
2008-07-10,0.0073182721772891285
2008-07-11,-0.011441782096745715
2008-07-14,-0.00408538683703679
2008-07-15,-0.008380679119942726
2008-07-16,0.025244149622259054
2008-07-17,0.018451359873586134
2008-07-18,0.00436022385569239
2008-07-21,-0.0025424974579374166
2008-07-22,0.011786517187072142
2008-07-23,0.0025753070458952123
2008-07-24,-0.02433723795130477
2008-07-25,0.0018864632822522534
2008-07-28,-0.02107259981584236
2008-07-29,0.023940174717996778
2008-07-30,0.01633068832276391
2008-07-31,-0.017755136748307324
2008-08-01,-0.004543848578223692
2008-08-04,-0.0037231863482578694
2008-08-05,0.02938812405010575
2008-08-06,0.0034694213125775796
2008-08-07,-0.019272361953900363
2008-08-08,0.02649624762606248
2008-08-11,0.00409312171476495
2008-08-12,-0.011871994975535528
2008-08-13,-0.00940607963774012
2008-08-14,0.007194163510495239
2008-08-15,0.003785318954229179
2008-08-18,-0.015481264847897514
2008-08-19,-0.011397818176749824
2008-08-20,0.00606949786536615
2008-08-21,0.0011193412177695713
2008-08-22,0.017309393265740557
2008-08-25,-0.02079538633271582
2008-08-26,0.0023379075639478144
2008-08-27,0.007854290813791747
2008-08-28,0.018489008051286202
2008-08-29,-0.014615225715695462
2008-09-02,-0.002342350458594716
2008-09-03,0.001385787172264731
2008-09-04,-0.02988412261291192
2008-09-05,0.002925395706023166
2008-09-08,0.025824884858336603
2008-09-09,-0.024325977304673743
2008-09-10,0.0034004913304834603
2008-09-11,0.01462340667961074
2008-09-12,-0.0010250391167870574
2008-09-15,-0.04416743492158543
2008-09-16,0.012961746771928784
2008-09-17,-0.04063289513899067
2008-09-18,0.038646855789912275
2008-09-19,0.03346282880915888
2008-09-22,-0.03273055835566592
2008-09-23,-0.014662721990179501
2008-09-24,-0.002671784208281241
2008-09-25,0.01818816702185734
2008-09-26,0.010984335051705372
2008-09-29,-0.06979008590943465
2008-09-30,0.046810316966460604
2008-10-01,-0.0018054201311256777
2008-10-02,-0.03215010151351615
2008-10-03,-0.015021678264975762
2008-10-06,-0.03582241041007684
2008-10-07,-0.05106624478931238
2008-10-08,-0.020007176797983743
2008-10-09,-0.07333146109892957
2008-10-10,-0.014919823433214557
2008-10-13,0.1108033306552095
2008-10-14,-0.008161821805550166
2008-10-15,-0.07873276633311817
2008-10-16,0.046788786545906916
2008-10-17,-0.014148159202428805
2008-10-20,0.0466786862504548
2008-10-21,-0.025014489343721816
2008-10-22,-0.05694812512315061
2008-10-23,0.020194360744717043
2008-10-24,-0.03593269092478059
2008-10-27,-0.02424886173088517
2008-10-28,0.10877874499894204
2008-10-29,-0.008180807314189074
2008-10-30,0.021102307206349643
2008-10-31,0.015719951332634007
2008-11-03,-0.0005554953828468056
2008-11-04,0.03277420296292966
2008-11-05,-0.0504930765650454
2008-11-06,-0.048524663348385545
2008-11-07,0.028521847928710167
2008-11-10,-0.008192258109239644
2008-11-11,-0.01990634166578379
2008-11-12,-0.047308706274240886
2008-11-13,0.066716489630143
2008-11-14,-0.03824905916640735
2008-11-17,-0.026329508985784865
2008-11-18,0.018271413342229127
2008-11-19,-0.05073978456334019
2008-11-20,-0.05564266850729246
2008-11-21,0.06542783711960215
2008-11-24,0.04933498375675137
2008-11-25,0.004273165162334078
2008-11-26,0.029145689530124082
2008-11-28,0.011737662162053797
2008-12-01,-0.07701290287505784
2008-12-02,0.03313253381665928
2008-12-03,0.02050102802084315
2008-12-04,-0.025076556533115222
2008-12-05,0.03094228436625506
2008-12-08,0.034597043340103925
2008-12-09,-0.02718212527618655
2008-12-10,0.008064358389337436
2008-12-11,-0.02240846803372055
2008-12-12,0.007541076626165066
2008-12-15,-0.0075495267495433935
2008-12-16,0.04198829357828144
2008-12-17,-0.011183150421216977
2008-12-18,-0.024857383101739093
2008-12-19,-0.0030075572429484753
2008-12-22,-0.006926126369751649
2008-12-23,-0.011760991303674279
2008-12-24,0.0058186422217972565
2008-12-26,0.005558258388754501
2008-12-29,-0.003713207015401117
2008-12-30,0.021742282173473747
2008-12-31,0.012459061025173072
2009-01-02,0.029431235394051666
2009-01-05,-0.00905399078440999
2009-01-06,0.006948594252805625
2009-01-07,-0.027220995884682325
2009-01-08,-0.003106149583224238
2009-01-09,-0.016388979760845215
2009-01-12,-0.014560690670505902
2009-01-13,-0.0029985945194519045
2009-01-14,-0.02940382739780508
2009-01-15,0.0015060718475538668
2009-01-16,0.008368959962203859
2009-01-20,-0.04010640944208694
2009-01-21,0.035099615176076786
2009-01-22,-0.012797608196302934
2009-01-23,-0.0055695080514108165
2009-01-26,0.004762576817751814
2009-01-27,0.007232600175208793
2009-01-28,0.024553716147200113
2009-01-29,-0.027036159251144772
2009-01-30,-0.018180122493407242
2009-02-02,-0.008012888614473903
2009-02-03,0.01784231580936777
2009-02-04,-0.015064938923246776
2009-02-05,0.01337370203075158
2009-02-06,0.026977317572587173
2009-02-09,-0.0011738294010450155
2009-02-10,-0.04618498416732468
2009-02-11,0.0064204297694982855
2009-02-12,-0.0008526953106795399
2009-02-13,-0.010381002324537786
2009-02-17,-0.03793559826811587
2009-02-18,0.00040118634642371436
2009-02-19,-0.01186929481724228
2009-02-20,-0.013431646341055023
2009-02-23,-0.03406207446165798
2009-02-24,0.033192874551286174
2009-02-25,-0.010889763758104307
2009-02-26,-0.012214460678128867
2009-02-27,-0.016589901532703566
2009-03-02,-0.04242431965204247
2009-03-03,-0.005510631660035209
2009-03-04,0.022274688448740816
2009-03-05,-0.040925908688974805
2009-03-06,0.004928394223012113
2009-03-09,-0.012055337757698036
2009-03-10,0.05795587325589381
2009-03-11,0.0005644994795343464
2009-03-12,0.03458097656700923
2009-03-13,0.007520160221811137
2009-03-16,-0.0009703792092446697
2009-03-17,0.024765240814358318
2009-03-18,0.012288221534134714
2009-03-19,-0.011457835219819964
2009-03-20,-0.016541454977840243
2009-03-23,0.06835037467128668
2009-03-24,-0.014903817712767388
2009-03-25,0.011728505464120634
2009-03-26,0.022548939909494553
2009-03-27,-0.018724067960871026
2009-03-30,-0.032684428601189766
2009-03-31,0.011552747799128377
2009-04-01,0.020065922627652846
2009-04-02,0.027891156462584978
2009-04-03,0.0049523193550328175
2009-04-06,-0.005206053190547257
2009-04-07,-0.02335675821385808
2009-04-08,0.006104324249379845
2009-04-09,0.03142357323043832
2009-04-13,-0.0031632807068329967
2009-04-14,-0.017080323313654715
2009-04-15,0.013817867775732318
2009-04-16,0.011932071505251855
2009-04-17,0.0007261154178916853
2009-04-20,-0.03561532984148969
2009-04-21,0.016301249851754757
2009-04-22,-0.010413372883823033
2009-04-23,0.008937979375064279
2009-04-24,0.014984177573123685
2009-04-27,-0.006350688249183717
2009-04-28,-0.0010031152647975304
2009-04-29,0.02105289418045513
2009-04-30,-0.002151304770619074
2009-05-01,0.005422300357977107
2009-05-04,0.026098307317827522
2009-05-05,-0.0019093979403660426
2009-05-06,0.012083489385481623
2009-05-07,-0.012033203794987981
2009-05-08,0.019596068895402326
2009-05-11,-0.018179167662819965
2009-05-12,0.005979495817084936
2009-05-13,-0.021751990468892382
2009-05-14,0.005604178208763217
2009-05-15,-0.007523417657706137
2009-05-18,0.028473848178176886
2009-05-19,-0.003437173686042413
2009-05-20,-0.006231378726467075
2009-05-21,-0.015425003918290778
2009-05-22,-0.0017860308509393234
2009-05-26,0.023699699902867122
2009-05-27,-0.020472084111741368
2009-05-28,0.01250358432871232
2009-05-29,0.011486470406244873
2009-06-01,0.026011931301490716
2009-06-02,0.0022278431084775323
2009-06-03,-0.007508405913827915
2009-06-04,0.008645293963048861
2009-06-05,0.001473102452046963
2009-06-08,0.00015519568921156963
2009-06-09,-0.00016315838114942124
2009-06-10,-0.0027433339495563256
2009-06-11,0.003650294884323372
2009-06-12,0.0032311319679121627
2009-06-15,-0.02126656105172492
2009-06-16,-0.01247774940694104
2009-06-17,-0.0008806926077084451
2009-06-18,0.0068752221325192675
2009-06-19,-0.001854925428958904
2009-06-22,-0.023504255989357903
2009-06-23,-0.001930684817502361
2009-06-24,-0.0027694640456281845
2009-06-25,0.02078830245329428
2009-06-26,-0.004014210849346138
2009-06-29,0.010782862607677506
2009-06-30,-0.009658380796728391
2009-07-01,0.006755060968391085
2009-07-02,-0.026260397974614446
2009-07-06,0.005329233860742038
2009-07-07,-0.019372074278637436
2009-07-08,0.0018141506198245247
2009-07-09,0.0005820202215345303
2009-07-10,-0.004478704462940356
2009-07-13,0.022728723430372706
2009-07-14,0.003337862231866741
2009-07-15,0.030710007428682774
2009-07-16,0.011096526198874052
2009-07-17,0.0036869448634155436
2009-07-20,0.011917968330066208
2009-07-21,0.007661488559755528
2009-07-22,-0.0038896627837334357
2009-07-23,0.021171545478907344
2009-07-24,0.0026407800390106507
2009-07-27,0.0016792694353168329
2009-07-28,-0.0012943939239239868
2009-07-29,-0.0028581730557827438
2009-07-30,0.009231902208424446
2009-07-31,0.0018734037835111473
2009-08-03,0.012533241164855342
2009-08-04,0.0036213624851399247
2009-08-05,-0.004208068719629231
2009-08-06,-0.0026624372236952742
2009-08-07,0.012295462746292724
2009-08-10,-0.0034279359705956286
2009-08-11,-0.010334173988937614
2009-08-12,0.013002288601896872
2009-08-13,0.003907447543745138
2009-08-14,-0.008170722234813391
2009-08-17,-0.019960520951788303
2009-08-18,0.009041809062388523
2009-08-19,0.006641397101738495
2009-08-20,0.007639700145271708
2009-08-21,0.01667477714022918
2009-08-24,0.0003492545729207285
2009-08-25,0.0031558645870139713
2009-08-26,0.0004434292279613643
2009-08-27,0.003888502355524876
2009-08-28,-0.003802463929824915
2009-08-31,-0.005020850359380573
2009-09-01,-0.019552919669596967
2009-09-02,-0.003214615599424343
2009-09-03,0.006889588790464536
2009-09-04,0.010343930886361213
2009-09-08,0.005938819671506027
2009-09-09,0.005251996874914365
2009-09-10,0.008406635648911434
2009-09-11,-0.0022923963487849063
2009-09-14,0.0022268700659315343
2009-09-15,0.005880458719408379
2009-09-16,0.01118407668373014
2009-09-17,-0.0007955709472603922
2009-09-18,0.003708125168644128
2009-09-21,-0.004209690230341555
2009-09-22,0.00521635446258564
2009-09-23,-0.008272744197024123
2009-09-24,-0.004217037405562752
2009-09-25,-0.004352331819717659
2009-09-28,0.012847134924403977
2009-09-29,-0.004817475299713143
2009-09-30,-0.003071174888628859
2009-10-01,-0.02090137434258485
2009-10-02,-0.002272516951861821
2009-10-05,0.01181322706207108
2009-10-06,0.013698273392536264
2009-10-07,-0.0005826589595375797
2009-10-08,0.0063019377764617504
2009-10-09,0.007977014101546226
2009-10-12,0.0021145592370555486
2009-10-13,-0.001491027534443321
2009-10-14,0.014669143941988105
2009-10-15,0.004700544935731922
2009-10-16,-0.006661075192736979
2009-10-19,0.009631939463240532
2009-10-20,-0.005024677498144698
2009-10-21,-0.009173946470042164
2009-10-22,0.013262159576093226
2009-10-23,-0.010824982070782389
2009-10-26,-0.010451074890345056
2009-10-27,0.001440013944118232
2009-10-28,-0.012090461912717506
2009-10-29,0.020474889605221452
2009-10-30,-0.02507884503813273
2009-11-02,0.007897882469707379
2009-11-03,-0.001790705086297138
2009-11-04,0.003093561033615697
2009-11-05,0.020793418580024335
2009-11-06,0.0017449600038378075
2009-11-09,0.020304446985160797
2009-11-10,0.0019585526071335935
2009-11-11,0.004322253310002945
2009-11-12,-0.009113558495266943
2009-11-13,0.007158638368144256
2009-11-16,0.013289557342555871
2009-11-17,0.0029268873907462843
2009-11-18,-0.0010644392963012489
2009-11-19,-0.009003185211258728
2009-11-20,-0.0013820549647518548
2009-11-23,0.012869542631632081
2009-11-24,-0.0016496108009321257
2009-11-25,0.0029414273542201683
2009-11-27,-0.014762432628722103
2009-11-30,0.00338702919130314
2009-12-01,0.012251518631510954
2009-12-02,-0.0018048852226693237
2009-12-03,-0.008278259738172474
2009-12-04,0.002194643141378429
2009-12-07,0.00011647046366804435
2009-12-08,-0.010022993019323303
2009-12-09,0.004965987651140333
2009-12-10,0.006653735833724386
2009-12-11,0.006310885340237163
2009-12-14,0.0028219452800457693
2009-12-15,-0.004670961475280975
2009-12-16,-0.0010409491006505166
2009-12-17,-0.012724688539160605
2009-12-18,0.0020013076891734587
2009-12-21,0.008253549026081216
2009-12-22,0.004877022970691855
2009-12-23,0.00014429145727684926
2009-12-24,0.00512590718525111
2009-12-28,0.002565567404841573
2009-12-29,-0.0001583376631257251
2009-12-30,0.00029396675899755095
2009-12-31,-0.011419622297367206
2010-01-04,0.014951021523678911
2010-01-05,-0.0011281221773323683
2010-01-06,0.00015701824249290621
2010-01-07,0.0031379803436457593
2010-01-08,0.0010681766328583507
2010-01-11,0.004313352840738325
2010-01-12,-0.003444301804484022
2010-01-13,0.005035164285055622
2010-01-14,0.002788188492028087
2010-01-15,-0.009420617988805396
2010-01-19,0.01091270682821777
2010-01-20,-0.011400941500713784
2010-01-21,-0.020113834096471373
2010-01-22,-0.020876083265639223
2010-01-25,0.002347394765349093
2010-01-26,-0.0002520383725970258
2010-01-27,0.004107201188115992
2010-01-28,-0.011303066775040711
2010-01-29,-0.005249761374482899
2010-02-01,0.011740948195797766
2010-02-02,0.010929229995886292
2010-02-03,-0.0025541791907234823
2010-02-04,-0.026130051457808882
2010-02-05,0.0010047809577511376
2010-02-08,-0.010371315880677946
2010-02-09,0.015163916640342176
2010-02-10,-0.0020141887968950297
2010-02-11,0.010540545386805572
2010-02-12,-0.0044409657153504705
2010-02-16,0.016800440433541876
2010-02-17,0.003937165065864525
2010-02-18,0.008115050187986686
2010-02-19,0.0009092746009295508
2010-02-22,-0.0018236263921134325
2010-02-23,-0.009724193855950506
2010-02-24,0.008923005404375045
2010-02-25,-0.005121378501970203
2010-02-26,0.000409842816075485
2010-03-01,0.007605619616358392
2010-03-02,0.00021050021194186832
2010-03-03,-0.0008860289948663505
2010-03-04,0.004557188970409935
2010-03-05,0.011686936406444314
2010-03-08,-0.0012946944029074113
2010-03-09,0.0011239021579678374
2010-03-10,0.00027924023937048154
2010-03-11,0.004212038424086332
2010-03-12,0.0012109115855497598
2010-03-15,0.0016433420645683898
2010-03-16,0.004118528680764688
2010-03-17,0.004462856939653688
2010-03-18,0.004238997472439529
2010-03-19,-0.003450172879730119
2010-03-22,0.004087700777696463
2010-03-23,0.00954395047603865
2010-03-24,-0.004837985348288135
2010-03-25,0.0004669555146430689
2010-03-26,0.0008440017304342833
2010-03-29,0.004193409250937296
2010-03-30,0.001060953426347208
2010-03-31,-0.00465646321494917
2010-04-01,0.0064882012189786805
2010-04-05,0.004253656286634895
2010-04-06,-0.0003244164377069855
2010-04-07,-0.006606204745856591
2010-04-08,0.0027116261314500244
2010-04-09,0.006431733300875775
2010-04-12,0.0007838251942512497
2010-04-13,0.001222064025251816
2010-04-14,0.009409751148427096
2010-04-15,0.0019293165310780103
2010-04-16,-0.01129787869787707
2010-04-19,0.006660519518707304
2010-04-20,0.002254768054597682
2010-04-21,0.0007070214607099883
2010-04-22,0.0008422532476638754
2010-04-23,0.006285986802930387
2010-04-26,6.693870556608725e-05
2010-04-27,-0.01901288974683699
2010-04-28,0.004847165981774061
2010-04-29,0.011049978859729031
2010-04-30,-0.014212004312583425
2010-05-03,0.013009816861529234
2010-05-04,-0.020181441072900097
2010-05-05,-0.005485610111679893
2010-05-06,-0.03188694403059588
2010-05-07,-0.013297124041854185
2010-05-10,0.038987787596467496
2010-05-11,-0.0034195198207903838
2010-05-12,0.01383014553053235
2010-05-13,-0.010458010573639603
2010-05-14,-0.01509698180924523
2010-05-17,0.0005338902615403227
2010-05-18,-0.01081139073371202
2010-05-19,-0.006334346562394448
2010-05-20,-0.03603472492835858
2010-05-21,0.01245330507220386
2010-05-24,-0.012441395845739221
2010-05-25,-0.002266909185551753
2010-05-26,-0.006899813316739193
2010-05-27,0.02852688619422615
2010-05-28,-0.01192710003616346
2010-06-01,-0.011109214798211907
2010-06-02,0.022497959900319477
2010-06-03,0.0005600251328352083
2010-06-04,-0.03152619918715055
2010-06-07,-0.011627099155555199
2010-06-08,0.012579852880204613
2010-06-09,-0.004097593757733875
2010-06-10,0.02760613177765999
2010-06-11,0.0037886346857663776
2010-06-14,-0.001976286520413658
2010-06-15,0.020987372054845164
2010-06-16,0.00045075479803961935
2010-06-17,0.0023738022913773575
2010-06-18,0.0015784676692060168
2010-06-21,-0.0007875115782382289
2010-06-22,-0.014258202847809981
2010-06-23,0.00047797060675066185
2010-06-24,-0.014141947712469193
2010-06-25,-0.0008854700181230579
2010-06-28,-0.0005215003041262657
2010-06-29,-0.02645553788915948
2010-06-30,-0.009754516073472826
2010-07-01,-0.00424492685711711
2010-07-02,-0.004731554898880465
2010-07-06,0.0058989436823284865
2010-07-07,0.02818870194034659
2010-07-08,0.012048974474660233
2010-07-09,0.005823065216555187
2010-07-12,0.0017885807356910874
2010-07-13,0.014364342367615577
2010-07-14,0.00035703877827109363
2010-07-15,-0.0007147873194221369
2010-07-16,-0.02523430614587264
2010-07-19,0.005598193683835318
2010-07-20,0.00743813291341797
2010-07-21,-0.01069701152301656
2010-07-22,0.019936702919708612
2010-07-23,0.009912519496623964
2010-07-26,0.009670376474154405
2010-07-27,0.0011647980177532146
2010-07-28,-0.003777867824921905
2010-07-29,-0.0029263051206528698
2010-07-30,-0.00011655501587816992
2010-08-02,0.019916032386961772
2010-08-03,-0.003559925728707429
2010-08-04,0.004141446619996756
2010-08-05,-0.0005102790805239796
2010-08-06,-0.002006561136414314
2010-08-09,0.004241774580515857
2010-08-10,-0.005094053043579857
2010-08-11,-0.024935528571764103
2010-08-12,-0.005673086465430034
2010-08-13,-0.0016279148639287099
2010-08-16,-0.00011064577337992924
2010-08-17,0.010079586410807225
2010-08-18,0.0009312069653128297
2010-08-19,-0.013857178792458359
2010-08-20,-0.005606934333929336
2010-08-23,-0.003838991464338887
2010-08-24,-0.013166365420697526
2010-08-25,0.0019530997116661865
2010-08-26,-0.007380671685854757
2010-08-27,0.016507424034705263
2010-08-30,-0.013882854792550239
2010-08-31,0.0004985149449585335
2010-09-01,0.025437555917689165
2010-09-02,0.004930147320163652
2010-09-03,0.012386507882675549
2010-09-07,-0.010264234159302348
2010-09-08,0.00447939160732985
2010-09-09,0.0027178177358065086
2010-09-10,0.00456350501764728
2010-09-13,0.007776143411352706
2010-09-14,-0.0016729687513336255
2010-09-15,0.004392727300363159
2010-09-16,0.002090283209729215
2010-09-17,0.0012289012659948708
2010-09-20,0.013741710148616396
2010-09-21,0.0006890702851690736
2010-09-22,-0.0020183941500024776
2010-09-23,-0.007159677856398541
2010-09-24,0.01855488716445236
2010-09-27,-0.00444004103032518
2010-09-28,0.0042637652098954995
2010-09-29,-0.002105332957578256
2010-09-30,-0.00435890904526707
2010-10-01,0.0038588994303883485
2010-10-04,-0.00724028780167095
2010-10-05,0.017993223126198013
2010-10-06,0.002095074154478168
2010-10-07,-0.0017387498689326983
2010-10-08,0.005288357028948013
2010-10-11,0.0003507024952573922
2010-10-12,0.0009136865891516057
2010-10-13,0.006867264346121765
2010-10-14,-0.00013608409456314466
2010-10-15,-0.0028653656698726542
2010-10-18,0.007313713189632249
2010-10-19,-0.014812867192106
2010-10-20,0.011781990814874596
2010-10-21,0.0034749823775181575
2010-10-22,-0.0012568888904838187
2010-10-25,0.002828639594127477
2010-10-26,0.0004845911653924745
2010-10-27,-0.003865898619986864
2010-10-28,-0.0011081871029670228
2010-10-29,0.00040849562936661165
2010-11-01,0.0005513338591842075
2010-11-02,0.005761994567005303
2010-11-03,0.002360412987365834
2010-11-04,0.019590499619710246
2010-11-05,0.0008080567808556816
2010-11-08,-0.0032540842077300913
2010-11-09,-0.005267891896441095
2010-11-10,0.0009068676052614954
2010-11-11,-0.006510499214584126
2010-11-12,-0.008022617897563651
2010-11-15,0.0008389486606304729
2010-11-16,-0.01593201910021178
2010-11-17,-0.001416972830770699
2010-11-18,0.015747809750833074
2010-11-19,0.001996202564476333
2010-11-22,-0.0022287578490745655
2010-11-23,-0.012721651587231932
2010-11-24,0.01367388008919598
2010-11-26,-0.00852843586644831
2010-11-29,-0.0035503481378704417
2010-11-30,-0.004204482428846292
2010-12-01,0.02269303526615436
2010-12-02,0.009473355022930369
2010-12-03,0.0017320269203452692
2010-12-06,-0.0017483608019265035
2010-12-07,-0.0002666739422594284
2010-12-08,0.0011726219192263962
2010-12-09,-0.00021279439489012712
2010-12-10,0.003540878412251142
2010-12-13,0.001598552888963656
2010-12-14,0.004198254198254319
2010-12-15,-0.001661650636864554
2010-12-16,0.0036465292948618376
2010-12-17,-0.0006383024979890119
2010-12-20,-0.0011991044134526511
2010-12-21,0.0047943349657131136
2010-12-22,0.0022829822875950674
2010-12-23,0.001211126096393526
2010-12-27,-0.0015950244913158543
2010-12-28,0.001774984573817655
2010-12-29,0.0008500683337449766
2010-12-30,-0.0013525667694974247
2010-12-31,0.0006741742014277879
2011-01-03,0.008053545192359996
2011-01-04,0.0017505301715828282
2011-01-05,0.0027123010679845085
2011-01-06,-0.0021820557899971706
2011-01-07,-0.001927793655122355
2011-01-10,-0.0031957830396513068
2011-01-11,0.0029585519164420445
2011-01-12,0.0071590866252909825
2011-01-13,-0.002002477151004205
2011-01-14,0.004728986779634975
2011-01-18,0.004288484803238811
2011-01-19,-0.0010677542441963602
2011-01-20,-0.00021056566054630376
2011-01-21,0.004147917582975343
2011-01-24,0.009154436043612471
2011-01-25,-0.0002779512074601042
2011-01-26,0.0006888093116999897
2011-01-27,0.0003662777503370271
2011-01-28,-0.013855909550010233
2011-01-31,0.005770613259808652
2011-02-01,0.012464755510669804
2011-02-02,0.00015033022816968302
2011-02-03,0.0016849402547922702
2011-02-04,0.002477976763889969
2011-02-07,0.005745876457040275
2011-02-08,0.005880790650595392
2011-02-09,0.0005509619353968342
2011-02-10,-0.0008660208547624648
2011-02-11,0.0035954662944454947
2011-02-14,-0.00041309317980713425
2011-02-15,-0.0033868076708953062
2011-02-16,0.005032453723999452
2011-02-17,0.0024389311020273437
2011-02-18,0.005935149300137893
2011-02-22,-0.014402098254816836
2011-02-23,-0.008762125607662149
2011-02-24,-0.003079520691768779
2011-02-25,0.005133197994779859
2011-02-28,0.007904900477723367
2011-03-01,-0.01376699813680952
2011-03-02,0.0007281460803679904
2011-03-03,0.01586170318560028
2011-03-04,-0.007204972997666992
2011-03-07,-0.006561280801453962
2011-03-08,0.010285334279567423
2011-03-09,-0.00010561321982769933
2011-03-10,-0.018707796307077043
2011-03-11,0.0049888982620209625
2011-03-14,-0.004254259240808989
2011-03-15,-0.011484879714770734
2011-03-16,-0.020422726482908306
2011-03-17,0.013888386591235986
2011-03-18,0.007128061359249051
2011-03-21,0.015011148102798681
2011-03-22,-0.0014871395659713767
2011-03-23,0.005607128266699386
2011-03-24,0.006994858522491197
2011-03-25,0.004110739357926066
2011-03-28,-0.0018583390818283688
2011-03-29,0.006651155774610098
2011-03-30,0.005831088988444538
2011-03-31,-0.002500281362621038
2011-04-01,0.004625913067900009
2011-04-04,0.0018833745935919462
2011-04-05,-0.0004943536426928821
2011-04-06,0.002650497422118975
2011-04-07,-0.0013889391836160072
2011-04-08,-0.0023723779139997302
2011-04-11,8.56216251147055e-05
2011-04-12,-0.009492686843102165
2011-04-13,0.000604228129143354
2011-04-14,0.0011539411245547306
2011-04-15,0.00461370028041988
2011-04-18,-0.01136298263709675
2011-04-19,0.005340287618253019
2011-04-20,0.01522734220555574
2011-04-21,0.00421165387512297
2011-04-25,-0.0020877995264669638
2011-04-26,0.009254095391943
2011-04-27,0.007589296701883178
2011-04-28,0.005700908363118343
2011-04-29,0.0037004507451438057
2011-05-02,-0.0002482330955603972
2011-05-03,1.171201559100675e-05
2011-05-04,-0.006553186372682925
2011-05-05,-0.010956821900754336
2011-05-06,0.004336400414171114
2011-05-09,0.00363485600621585
2011-05-10,0.0059662522034454385
2011-05-11,-0.010213661683526163
2011-05-12,0.0052169313928786725
2011-05-13,-0.007889936294494615
2011-05-16,-0.003761586249330068
2011-05-17,-0.00548198690347837
2011-05-18,0.006458550688404607
2011-05-19,0.0035938975396848944
2011-05-20,-0.007400050137560874
2011-05-23,-0.010452332313515673
2011-05-24,-0.0020232189615597357
2011-05-25,0.0031117956072291364
2011-05-26,0.0006535072361807717
2011-05-27,0.003129948495334886
2011-05-31,0.01030496126697742
2011-06-01,-0.02224778616030987
2011-06-02,-0.0033840135262901924
2011-06-03,-0.00794298100591491
2011-06-06,-0.005044744331040657
2011-06-07,-0.0015839589212867237
2011-06-08,-0.0018118088181322532
2011-06-09,0.006259471787559741
2011-06-10,-0.014223431174923931
2011-06-13,8.868875351299422e-05
2011-06-14,0.010302042086611214
2011-06-15,-0.014809404684124287
2011-06-16,0.005400398578833631
2011-06-17,0.003581484627371784
2011-06-20,0.0063326991193198645
2011-06-21,0.009075045652537505
2011-06-22,-0.006590642665592575
2011-06-23,-0.004927467057318662
2011-06-24,-0.00957842323651453
2011-06-27,0.00913144827886692
2011-06-28,0.012050423628893867
2011-06-29,0.005967007118894611
2011-06-30,0.012471638684589555
2011-07-01,0.01356737450400104
2011-07-05,-0.001025211459797774
2011-07-06,0.004467031083058109
2011-07-07,0.007402966255399512
2011-07-08,-0.0048972089289742796
2011-07-11,-0.01196473153620078
2011-07-12,-0.0047082304474099146
2011-07-13,0.00359367166711669
2011-07-14,-0.004362127860219762
2011-07-15,0.0034260343230586147
2011-07-18,-0.007577888303673214
2011-07-19,0.016330834644041756
2011-07-20,-0.001232182607714704
2011-07-21,0.012130217285997115
2011-07-22,-0.0033989788131630464
2011-07-25,-0.00696781682432842
2011-07-26,-0.007266056794358681
2011-07-27,-0.015898346571956518
2011-07-28,-0.005075370553259177
2011-07-29,-0.007914144562426383
2011-08-01,-0.0008852662057243372
2011-08-02,-0.021913885772829732
2011-08-03,0.0025129312306284104
2011-08-04,-0.043101970001109595
2011-08-05,0.005352399224152496
2011-08-08,-0.05546366368098172
2011-08-09,0.03977113465959288
2011-08-10,-0.04624916702032158
2011-08-11,0.039493691196032715
2011-08-12,0.011281208186795571
2011-08-15,0.018979467602329145
2011-08-16,-0.006703010563533545
2011-08-17,0.0003752434040888236
2011-08-18,-0.03677671138392714
2011-08-19,-0.015734383444731787
2011-08-22,0.003420336209805272
2011-08-23,0.029674839815194465
2011-08-24,0.012879403333345165
2011-08-25,-0.015095342959937974
2011-08-26,0.01208270626790398
2011-08-29,0.02257158909446013
2011-08-30,0.001793877418376474
2011-08-31,0.004634968144325877
2011-09-01,-0.010329331391919678
2011-09-02,-0.022039279353586353
2011-09-06,-0.008981998637042288
2011-09-07,0.024737640605783248
2011-09-08,-0.010429387657842591
2011-09-09,-0.02688430488827276
2011-09-12,0.006276308595331533
2011-09-13,0.0040438942891858655
2011-09-14,0.012685206445251755
2011-09-15,0.01657815204952913
2011-09-16,0.006639447642738053
2011-09-19,-0.00939083802455276
2011-09-20,0.0006709931839371806
2011-09-21,-0.024877592986380495
2011-09-22,-0.035147471783863876
2011-09-23,0.003507601666879356
2011-09-26,0.02528714717011971
2011-09-27,0.013295170348048592
2011-09-28,-0.016066033461743724
2011-09-29,0.012994396461687957
2011-09-30,-0.021570775633451052
2011-10-03,-0.023648035713958456
2011-10-04,0.014397529867765324
2011-10-05,0.012142059505713596
2011-10-06,0.016762416647242373
2011-10-07,-0.0018169019529222928
2011-10-10,0.02972677949981622
2011-10-11,-0.001476404639829078
2011-10-12,0.008982770249555556
2011-10-13,-0.003535075116005605
2011-10-14,0.014493650098056095
2011-10-17,-0.021253829064218337
2011-10-18,0.015798017022023277
2011-10-19,-0.006256343368992833
2011-10-20,0.0032300067277319764
2011-10-21,0.023134213266931113
2011-10-24,0.00887728547971468
2011-10-25,-0.017375071556756046
2011-10-26,0.013874201093056754
2011-10-27,0.028604672323962035
2011-10-28,0.0018478852935034308
2011-10-31,-0.022573584899489935
2011-11-01,-0.024847323423401662
2011-11-02,0.015275399812660342
2011-11-03,0.017609774890926227
2011-11-04,-0.0050836608003506645
2011-11-07,0.007105757708265848
2011-11-08,0.008434430773284662
2011-11-09,-0.031983093101334556
2011-11-10,0.009584973694798554
2011-11-11,0.021844884671586826
2011-11-14,-0.006146286556828938
2011-11-15,0.0014223055257977322
2011-11-16,-0.015754586579542575
2011-11-17,-0.011327452062434585
2011-11-18,0.00216044374478051
2011-11-21,-0.021095848140411825
2011-11-22,-0.004640907709241386
2011-11-23,-0.020547742593346636
2011-11-25,-0.0023006782115113536
2011-11-28,0.025940979286213566
2011-11-29,0.002830857562390294
2011-11-30,0.042407899872183616
2011-12-01,-0.0021293941064348077
2011-12-02,-5.074862541945254e-05
2011-12-05,0.00652360929229529
2011-12-06,0.004323089347428363
2011-12-07,0.0038057205972283096
2011-12-08,-0.01628927295580571
2011-12-09,0.015549647015677962
2011-12-12,-0.013367245938612668
2011-12-13,-0.005527646969277173
2011-12-14,-0.010996291072979114
2011-12-15,0.0038338966192694476
2011-12-16,-0.00020389575703040768
2011-12-19,-0.008438118079719207
2011-12-20,0.028668412902655534
2011-12-21,0.00034369996315138616
2011-12-22,0.005113258130749409
2011-12-23,0.010218042425213575
2011-12-27,-0.0002155523019358741
2011-12-28,-0.011385242467263605
2011-12-29,0.011161667658321217
2011-12-30,-0.005654738651457257
2012-01-03,0.01471815976348794
2012-01-04,0.0016971327812812767
2012-01-05,-0.00021902947395879228
2012-01-06,-0.004492698760440463
2012-01-09,0.0026513116589751743
2012-01-10,0.005630738766159634
2012-01-11,-0.0010447367175205732
2012-01-12,0.0017326066613384291
2012-01-13,-0.003925901810758138
2012-01-17,0.004830921763379039
2012-01-18,0.007761533143140603
2012-01-19,0.0035797900460689354
2012-01-20,0.007644181945788888
2012-01-23,-0.0009166320767769656
2012-01-24,-0.0026021298594204427
2012-01-25,0.0065558250991065905
2012-01-26,-0.001898290206405841
2012-01-27,-0.005824276009589606
2012-01-30,-0.000532366122557931
2012-01-31,-0.0016445756662862377
2012-02-01,0.006613678083671875
2012-02-02,-0.0008689525229505124
2012-02-03,0.012342773668854426
2012-02-06,-0.0013294739714653186
2012-02-07,0.0025745165677577052
2012-02-08,0.0004464909692348309
2012-02-09,0.0005052798248982959
2012-02-10,-0.006922173452305004
2012-02-13,0.005687734694244328
2012-02-14,0.0003293449453318291
2012-02-15,-0.00755768627487521
2012-02-16,0.009633869156831001
2012-02-17,0.0035484900899561125
2012-02-21,0.0012216338851277818
2012-02-22,-0.002083961594022411
2012-02-23,0.003556779792668059
2012-02-24,-0.0001340039692899701
2012-02-27,-0.00011091469966382905
2012-02-28,0.0018187406549777785
2012-02-29,-0.004079162668241515
2012-03-01,0.0021795743846350093
2012-03-02,-0.00021031871374310021
2012-03-05,-0.0011373469763599979
2012-03-06,-0.01571109967669046
2012-03-07,0.006127367418676032
2012-03-08,0.005500364951278855
2012-03-09,0.0010908014756808543
2012-03-12,0.0029167266418097704
2012-03-13,0.016819049191687252
2012-03-14,0.001246046345031908
2012-03-15,0.004445926588399349
2012-03-16,-0.001519683447070604
2012-03-19,0.000491966065676971
2012-03-20,-0.0052072908114051825
2012-03-21,-0.0034600867565312047
2012-03-22,-0.005979601695134898
2012-03-23,0.0026513589460177606
2012-03-26,0.012300536743744397
2012-03-27,-0.003315301817072342
2012-03-28,-0.005419113741529827
2012-03-29,0.001493957509441079
2012-03-30,0.005037342668620228
2012-04-02,0.0039698638514566184
2012-04-03,-0.004895778126411231
2012-04-04,-0.009454867779583341
2012-04-05,-0.0011174209831928397
2012-04-09,-0.009996064360718896
2012-04-10,-0.016524885939925384
2012-04-11,0.007035269933068138
2012-04-12,0.014149510479571534
2012-04-13,-0.010548581689713519
2012-04-16,0.005589283393477902
2012-04-17,0.015023902190240928
2012-04-18,-0.006312359231873096
2012-04-19,-0.005267499184746093
2012-04-20,0.005026187702964329
2012-04-23,-0.007835441153219764
2012-04-24,0.005754546432049661
2012-04-25,0.006857638621826909
2012-04-26,0.008700820122957443
2012-04-27,0.0017940690455309346
2012-04-30,-0.001109741153631892
2012-05-01,0.004971381823162939
2012-05-02,-0.0008095294036140405
2012-05-03,-0.0046711891334182635
2012-05-04,-0.012745152230818077
2012-05-07,-0.0022809774609668138
2012-05-08,-0.005876144345287324
2012-05-09,-0.007503040885116068
2012-05-10,0.0015566736735162425
2012-05-11,-0.0026791048491487
2012-05-14,-0.009769433567851739
2012-05-15,-0.004990016029491141
2012-05-16,-0.0026480367321089875
2012-05-17,-0.012387139789896416
2012-05-18,-0.005875833534927541
2012-05-21,0.010922131909602614
2012-05-22,-0.00013355213491485235
2012-05-23,-0.0005326802534790063
2012-05-24,0.0026888281590730237
2012-05-25,-0.005979369101538345
2012-05-29,0.010105316571964498
2012-05-30,-0.012783877513872444
2012-05-31,-0.0021264329871673155
2012-06-01,-0.02217945769741283
2012-06-04,-0.0014118827551436006
2012-06-05,0.0021889920720311105
2012-06-06,0.023651152915373178
2012-06-07,0.00371895134754581
2012-06-08,0.0074825695612538365
2012-06-11,-0.011388220675152631
2012-06-12,0.013098621168087266
2012-06-13,-0.006157247610109917
2012-06-14,0.012446004362863538
2012-06-15,0.00911008693549039
2012-06-18,-0.0019855614047592663
2012-06-19,0.007495789455509513
2012-06-20,-0.001007997769006523
2012-06-21,-0.01955804525595367
2012-06-22,0.005345339470015353
2012-06-25,-0.010926540925480926
2012-06-26,0.0025602551776982034
2012-06-27,0.007366767533568905
2012-06-28,-0.001960083978709132
2012-06-29,0.022046045709261667
2012-07-02,-0.0006754611186723638
2012-07-03,0.005614778201888097
2012-07-05,-0.003630348757615681
2012-07-06,-0.009630392961904176
2012-07-09,-0.0028326549210918855
2012-07-10,-0.006530159096565803
2012-07-11,-0.003840159581194215
2012-07-12,-0.002480060740067279
2012-07-13,0.016210580063897435
2012-07-16,-0.00390386230354494
2012-07-17,0.006154530333042493
2012-07-18,0.008055888310840453
2012-07-19,0.0026850108841323956
2012-07-20,-0.009332198130933611
2012-07-23,-0.00788531472239969
2012-07-24,-0.008186167310984701
2012-07-25,0.0046547127282180025
2012-07-26,0.016714986135270928
2012-07-27,0.014566342306328445
2012-07-30,-0.00020266663403603613
2012-07-31,-0.004920825425820062
2012-08-01,-0.002502175470532067
2012-08-02,-0.007494530341480858
2012-08-03,0.016871808728709397
2012-08-06,0.0016294840399903288
2012-08-07,0.0038947940577137084
2012-08-08,0.0005346050453350435
2012-08-09,-0.0007931303526810772
2012-08-10,0.0032479592015003367
2012-08-13,-0.002916425334741609
2012-08-14,0.00020577959714271056
2012-08-15,-0.0005587550694115583
2012-08-16,0.0064816882621661675
2012-08-17,0.0018935691854633768
2012-08-20,-0.00026816921778966116
2012-08-21,-0.0051282283124014436
2012-08-22,-0.002334215417333762
2012-08-23,-0.00875291131091746
2012-08-24,0.0076975154432791845
2012-08-27,-0.002530785523906748
2012-08-28,-0.0016518510560646698
2012-08-29,0.0003426698791649678
2012-08-30,-0.008145730529438186
2012-08-31,0.006932698291093412
2012-09-04,-0.004193772133797345
2012-09-05,0.0008852449458956588
2012-09-06,0.018740783660906202
2012-09-07,0.001101414384592192
2012-09-10,-0.0039341261204931186
2012-09-11,0.005211142958242177
2012-09-12,0.0007498108585221582
2012-09-13,0.015488230639711716
2012-09-14,0.003952034954571186
2012-09-17,-0.002962473617653344
2012-09-18,0.0008514657163305114
2012-09-19,0.0009819648733766402
2012-09-20,0.0013971170927003147
2012-09-21,-0.0012841133991276668
2012-09-24,-0.0015133138480367255
2012-09-25,-0.0074762591710844815
2012-09-26,-0.0032725124558332726
2012-09-27,0.005402016325331634
2012-09-28,-0.0036215414983127017
2012-10-01,0.005803322584510337
2012-10-02,-0.0024232137215309383
2012-10-03,0.0009085946377340465
2012-10-04,0.005983870597223632
2012-10-05,0.0025627313014166147
2012-10-08,-0.0019470762629361176
2012-10-09,-0.008106804872033583
2012-10-10,-0.00954167170741456
2012-10-11,-0.0013922848833680351
2012-10-12,0.00018459612843395293
2012-10-15,0.0071559061734507625
2012-10-16,0.00950147606231427
2012-10-17,0.0003851892518915851
2012-10-18,-0.0005945268127166401
2012-10-19,-0.015162071719263669
2012-10-22,0.0001783638637809092
2012-10-23,-0.01823482735134178
2012-10-24,-0.0019225294656833839
2012-10-25,0.002014171077604478
2012-10-26,0.0002693899728930221
2012-10-29,0.0
2012-10-30,0.0
2012-10-31,-0.0008201592863774977
2012-11-01,0.010396702620402893
2012-11-02,-0.010539107145826067
2012-11-05,0.0014725245853560679
2012-11-06,0.010161342968966857
2012-11-07,-0.023626571078268592
2012-11-08,-0.009387809070474668
2012-11-09,0.00031768779485640117
2012-11-12,-2.418966570658331e-05
2012-11-13,-0.004596147663533871
2012-11-14,-0.014520804817743208
2012-11-15,-0.0022727001539264357
2012-11-16,0.003661984408062927
2012-11-19,0.01649546285402883
2012-11-20,-0.0005822150116129551
2012-11-21,0.003783083408465818
2012-11-23,0.013448740310153102
2012-11-26,-0.0032407012397834395
2012-11-27,-0.006881888925819314
2012-11-28,0.008307106699497628
2012-11-29,0.0028270842526554743
2012-11-30,0.0002887461199740296
2012-12-03,-0.004604785353128196
2012-12-04,-0.0010658974517183707
2012-12-05,0.006385994820789044
2012-12-06,0.003034257573560691
2012-12-07,0.006202367439597731
2012-12-10,0.0011212355940230163
2012-12-11,0.005965126485586909
2012-12-12,-0.0002256869488030124
2012-12-13,-0.0056419374200198085
2012-12-14,-0.002711317224874504
2012-12-17,0.007642171570482185
2012-12-18,0.008731892297846888
2012-12-19,-0.007414448099612296
2012-12-20,0.004508763602694543
2012-12-21,-0.00908071984687172
2012-12-24,-0.003935306621867891
2012-12-26,-0.001852510059799401
2012-12-27,-0.0013938674407664026
2012-12-28,-0.012079738491223782
2012-12-31,0.01283263165949268
2013-01-02,0.023535310214939695
2013-01-03,-0.001579863635177404
2013-01-04,0.003274499378703772
2013-01-07,-0.0037900412423771757
2013-01-08,-0.004142169663090123
2013-01-09,0.004626055511165618
2013-01-10,0.00602740298913179
2013-01-11,0.0012775383372850377
2013-01-14,0.0014004595049238063
2013-01-15,0.0020411154840486276
2013-01-16,-0.0017480747904120282
2013-01-17,0.006275520437443584
2013-01-18,0.003948214256819296
2013-01-22,0.004579587829769035
2013-01-23,0.0048949075313170385
2013-01-24,0.0033383335764511045
2013-01-25,0.005110185434995015
2013-01-28,-0.0010110837810646872
2013-01-29,0.005221896378961699
2013-01-30,-0.00315312280983373
2013-01-31,-0.0035829256054094806
2013-02-01,0.01076506177952156
2013-02-04,-0.009258525645280975
2013-02-05,0.00714837378458909
2013-02-06,0.0005164779352328918
2013-02-07,-0.003036495139605932
2013-02-08,0.0035083064102610128
2013-02-11,-0.0015529226461572893
2013-02-12,0.0033969783641252275
2013-02-13,-0.0025530184681889813
2013-02-14,-0.0006808311002502652
2013-02-15,0.0005989956624699376
2013-02-19,0.0038557377611974355
2013-02-20,-0.007703942882669598
2013-02-21,-0.0033688648533768397
2013-02-22,0.008641544830129987
2013-02-25,-0.015456513556233757
2013-02-26,0.008412548597412766
2013-02-27,0.012607076336696247
2013-02-28,-0.001483442353558096
2013-03-01,0.002502403146610092
2013-03-04,0.0027083691160751824
2013-03-05,0.008915034308194805
2013-03-06,0.0029795625999296566
2013-03-07,0.002325786360609503
2013-03-08,0.004716148306743641
2013-03-11,0.003488209753790262
2013-03-12,0.00019173145967157974
2013-03-13,0.00036124417476475284
2013-03-14,0.005801340409870909
2013-03-15,-0.00172155987217943
2013-03-18,-0.004275150181444201
2013-03-19,0.0002601705224030497
2013-03-20,0.003867646387406585
2013-03-21,-0.006218417790297903
2013-03-22,0.006278130761800679
2013-03-25,-0.004429428549968588
2013-03-26,0.007745150628990648
2013-03-27,-0.0023001926557300336
2013-03-28,0.0036059082372768177
2013-04-01,-0.0003902997145119133
2013-04-02,0.006118226702395198
2013-04-03,-0.0076155997711091356
2013-04-04,0.003832210221747258
2013-04-05,-0.0027974594193800116
2013-04-08,0.0033113060194641056
2013-04-09,0.004104429608826889
2013-04-10,0.008776389481417516
2013-04-11,0.004249356854097734
2013-04-12,-5.381718571095008e-06
2013-04-15,-0.017884892492865737
2013-04-16,0.010793742122856042
2013-04-17,-0.009364509059564518
2013-04-18,-0.005571672781027495
2013-04-19,0.0007133452659877253
2013-04-22,0.0013514340254792644
2013-04-23,0.010454329838946003
2013-04-24,-0.002932172783512429
2013-04-25,0.0016693580807151667
2013-04-26,0.0007992762298650414
2013-04-29,0.007218327210442835
2013-04-30,0.0014204976803036202
2013-05-01,-0.009356595102359772
2013-05-02,0.00888582030412995
2013-05-03,0.00959978640171844
2013-05-06,-0.00033858778840064414
2013-05-07,0.005832763818827001
2013-05-08,0.003249159814561448
2013-05-09,-0.001489561155422797
2013-05-10,0.002378234020349182
2013-05-13,-0.0017733252461058936
2013-05-14,0.00818795521770934
2013-05-15,0.003972330392205223
2013-05-16,-0.0027802344771333514
2013-05-17,0.007954982597244725
2013-05-20,-0.0012452456624810467
2013-05-21,0.003410436588050513
2013-05-22,-0.005225643018590308
2013-05-23,-0.0008277166844034576
2013-05-24,0.000562293634966842
2013-05-28,0.006945651534656315
2013-05-29,-0.006917210869476349
2013-05-30,0.0014200015683405248
2013-05-31,-0.01363565473133603
2013-06-03,0.009160091217201929
2013-06-04,-0.005014412584739887
2013-06-05,-0.014294147799972902
2013-06-06,0.005349387958630018
2013-06-07,0.013795973836184944
2013-06-10,-0.0006249950813608927
2013-06-11,-0.007649657875170846
2013-06-12,-0.008384461864221902
2013-06-13,0.012060501906272886
2013-06-14,-0.006978086567809318
2013-06-17,0.007277285340984651
2013-06-18,0.009116032108354113
2013-06-19,-0.01345064018492992
2013-06-20,-0.02341619579954995
2013-06-21,0.0027835146547845508
2013-06-24,-0.009449031717502072
2013-06-25,0.00687264829230891
2013-06-26,0.010150870815043853
2013-06-27,0.0076692774179183
2013-06-28,-0.007646848578554042
2013-07-01,0.004383752749906018
2013-07-02,-0.002841409926971376
2013-07-03,0.0037475531411206194
2013-07-05,0.009838961808388726
2013-07-08,0.005870173046226728
2013-07-09,0.004968902486684434
2013-07-10,-0.0005673076546011586
2013-07-11,0.011068778667587445
2013-07-12,0.0002186157098024697
2013-07-15,0.0012907147429887513
2013-07-16,-0.0020930932443655593
2013-07-17,0.0012082695599556087
2013-07-18,0.005043140114230189
2013-07-19,-0.00030871065707784083
2013-07-22,0.00011644559160147369
2013-07-23,0.0014274181357366263
2013-07-24,-0.0016380026901785358
2013-07-25,0.0008602363623262027
2013-07-26,0.00020699927550249365
2013-07-29,-0.002369072738759957
2013-07-30,-8.890624063821794e-05
2013-07-31,-0.0013562628740272935
2013-08-01,0.00828927826245163
2013-08-02,0.0019413847691518275
2013-08-05,-0.002952416472734142
2013-08-06,-0.005981887160816585
2013-08-07,-0.0030975452904037125
2013-08-08,0.0017872529114769842
2013-08-09,-0.004697928549675029
2013-08-12,-0.00037794536452927176
2013-08-13,0.0020318190779575144
2013-08-14,-0.0073360900031778096
2013-08-15,-0.014700417143162604
2013-08-16,-0.002032796040812163
2013-08-19,-0.004689861134226277
2013-08-20,-0.0005162969980160872
2013-08-21,-0.007027932432135228
2013-08-22,0.004443012441643124
2013-08-23,0.0031255555095183714
2013-08-26,-0.004267010248152867
2013-08-27,-0.011396009489872514
2013-08-28,0.0032741996720386884
2013-08-29,0.0011089742595202477
2013-08-30,-0.002064557861862026
2013-09-03,0.0015968605653763923
2013-09-04,0.0065329824268099464
2013-09-05,0.0004427069554552925
2013-09-06,-0.0010028465310078785
2013-09-09,0.009423353995644215
2013-09-10,0.00849359229694769
2013-09-11,0.008922353015523661
2013-09-12,-0.0016937872718020268
2013-09-13,0.004929205575714485
2013-09-16,0.007721093700206761
2013-09-17,0.0022555983369882573
2013-09-18,0.00947923756562419
2013-09-19,-0.0025763956486406937
2013-09-20,-0.01186067259082081
2013-09-23,-0.0032172487507354463
2013-09-24,-0.004336624380412603
2013-09-25,-0.00399945482728915
2013-09-26,0.003603683823885605
2013-09-27,-0.004570630794021483
2013-09-30,-0.008426266725389016
2013-10-01,0.004099891141049385
2013-10-02,-0.0038547364679398163
2013-10-03,-0.009030511843543367
2013-10-04,0.0050745241550017315
2013-10-07,-0.009045564860163299
2013-10-08,-0.010692784797244764
2013-10-09,0.0017900007647261506
2013-10-10,0.021826010708654617
2013-10-11,0.007340968275302235
2013-10-14,0.004210115960310035
2013-10-15,-0.00870843316171348
2013-10-16,0.013569347594048244
2013-10-17,-0.00014179940847533056
2013-10-18,0.0018215350987044333
2013-10-21,-0.0004837772287031789
2013-10-22,0.004902483075843552
2013-10-23,-0.00351248993060359
2013-10-24,0.006220589580577279
2013-10-25,0.003937660267673307
2013-10-28,-8.670364309443143e-05
2013-10-29,0.007156561176651194
2013-10-30,-0.0039278459983355055
2013-10-31,-0.004674506811040071
2013-11-01,0.004489973143785232
2013-11-04,0.0015093928808144145
2013-11-05,-0.0013363923289802402
2013-11-06,0.008237814552490608
2013-11-07,-0.009709859984962078
2013-11-08,0.010760562729976638
2013-11-11,0.0013526391054817228
2013-11-12,-0.0020547294257782242
2013-11-13,0.004505205175398833
2013-11-14,0.003450339819601403
2013-11-15,0.00538415315484425
2013-11-18,0.0008971475469404705
2013-11-19,-0.0005627183741632636
2013-11-20,-0.00414666973131515
2013-11-21,0.006865683656566144
2013-11-22,0.003421613629989816
2013-11-25,0.00048366705530178373
2013-11-26,1.617665907183303e-05
2013-11-27,0.001526180877009647
2013-11-29,-0.0006783733699936618
2013-12-02,-0.004826434238590177
2013-12-03,-0.0058811513938922
2013-12-04,-0.001561457326659409
2013-12-05,-0.004295845691913742
2013-12-06,0.012558219790652126
2013-12-09,0.0003327049599880106
2013-12-10,-0.003269782653054311
2013-12-11,-0.008113625820361979
2013-12-12,-0.006570505436604113
2013-12-13,0.0010121078082243316
2013-12-16,0.00820101857399635
2013-12-17,-0.0005861033694962779
2013-12-18,0.018438123218139365
2013-12-19,0.0006871610969095429
2013-12-20,0.002599653379549362
2013-12-23,0.004529274761206744
2013-12-24,0.0038626269668312826
2013-12-26,0.007478503810167278
2013-12-27,-8.919967863850733e-05
2013-12-30,0.0015705398761167502
2013-12-31,0.004384920526723596
2014-01-02,-0.008162681746503898
2014-01-03,0.0017419494141298042
2014-01-06,-0.0027255632820665375
2014-01-07,0.00644379638480132
2014-01-08,-0.004125597213467419
2014-01-09,-0.0010921632729426086
2014-01-10,-0.0004688423546466551
2014-01-13,-0.01089672416887451
2014-01-14,0.0071300546071642575
2014-01-15,0.006600764877676865
2014-01-16,-0.003939463436949795
2014-01-17,0.002530911536266526
2014-01-21,-0.002680671942138475
2014-01-22,-0.0025038929138001998
2014-01-23,-0.010748570542112958
2014-01-24,-0.019647658413258946
2014-01-27,-0.002596493128393303
2014-01-28,0.0057255137682568815
2014-01-29,-0.011913820207225175
2014-01-30,0.006977664737886438
2014-01-31,-0.009449409127992942
2014-02-03,-0.020769037222471778
2014-02-04,0.004712218984179883
2014-02-05,-0.00032437178056153343
2014-02-06,0.012195414187483029
2014-02-07,0.010592806873071188
2014-02-10,0.00048815758815967414
2014-02-11,0.012212540478009109
2014-02-12,-0.0019275050532142647
2014-02-13,0.003987110951306484
2014-02-14,0.007911357852303388
2014-02-18,-0.0014850452415720917
2014-02-19,-0.005569607697267281
2014-02-20,0.005777229722653079
2014-02-21,-0.0018551771715893403
2014-02-24,0.0064483677258698625
2014-02-25,-0.0016955489987745872
2014-02-26,0.0011588624235614345
2014-02-27,0.0045831658786263454
2014-02-28,0.003014874651639376
2014-03-03,-0.00941568009724462
2014-03-04,0.014092626003291702
2014-03-05,-0.0021773762676965632
2014-03-06,0.0037719633891558114
2014-03-07,0.0018773722147695392
2014-03-10,-0.0020689588104581412
2014-03-11,-0.004106907498044927
2014-03-12,-0.0006831282012078632
2014-03-13,-0.014148645539067159
2014-03-14,-0.0026829905722864423
2014-03-17,0.011300493536839687
2014-03-18,0.005476013742658816
2014-03-19,-0.00697959560950261
2014-03-20,0.006711802428405029
2014-03-21,-0.0017316706519175948
2014-03-24,-0.0015997281443582854
2014-03-25,0.005602490432637022
2014-03-26,-0.006041710960735258
2014-03-27,-0.0002925811620758399
2014-03-28,0.0036171401904670514
2014-03-31,0.008246002894065229
2014-04-01,0.00455411036562918
2014-04-02,0.0024430504318434547
2014-04-03,-2.7152597598547494e-05
2014-04-04,-0.009644864550114506
2014-04-07,-0.010165292629919028
2014-04-08,0.0006321606660645824
2014-04-09,0.0111367151119516
2014-04-10,-0.01624122872658211
2014-04-11,-0.00887248287283657
2014-04-14,0.0091403434882306
2014-04-15,0.005522702933982289
2014-04-16,0.009979363642624474
2014-04-17,-0.0009930075464919116
2014-04-21,0.0024810251247215855
2014-04-22,0.003958843108348343
2014-04-23,-0.0007702382833857742
2014-04-24,0.0
2014-04-25,-0.008495514084955282
2014-04-28,0.005334487264584119
2014-04-29,0.005266664802288648
2014-04-30,0.0027498628697151116
2014-05-01,-0.0013250233401927262
2014-05-02,-0.002776759525257434
2014-05-05,0.001069467549290273
2014-05-06,-0.007835794937252472
2014-05-07,0.007165408005111904
2014-05-08,0.0019632485679727317
2014-05-09,0.0019557766100717347
2014-05-12,0.006761605321967771
2014-05-13,0.0011961328432201982
2014-05-14,-0.006070435477618151
2014-05-15,-0.01006141217300861
2014-05-16,0.0027056918636501545
2014-05-19,0.0012461108304918937
2014-05-20,-0.00833037586316751
2014-05-21,0.00969506501342663
2014-05-22,0.0006060584066107808
2014-05-23,0.0038197240175347445
2014-05-27,0.0041689072862237915
2014-05-28,-0.0025378549368834345
2014-05-29,0.0039415193005788015
2014-05-30,0.0011036760857404003
2014-06-02,0.001582803787961884
2014-06-03,-0.0012715283364480028
2014-06-04,0.0009083656952315699
2014-06-05,0.0058897579272450444
2014-06-06,0.005236957943372801
2014-06-09,0.001112011855157189
2014-06-10,0.0001664394355224079
2014-06-11,-0.006021508422086098
2014-06-12,-0.006512157531400267
2014-06-13,0.002482940614395015
2014-06-16,0.000314144115251953
2014-06-17,0.0016375653193701216
2014-06-18,0.005838121092376375
2014-06-19,0.0008777626752124402
2014-06-20,0.0015140537518631737
2014-06-23,-0.0005794508552507774
2014-06-24,-0.007033605199424074
2014-06-25,0.002936117154522969
2014-06-26,-0.0012675255565283425
2014-06-27,0.00033895025148203927
2014-06-30,-0.0014977592951275114
2014-07-01,0.007694364874662806
2014-07-02,0.0011895445111987561
2014-07-03,0.005420517146317252
2014-07-07,-0.0025808137443417943
2014-07-08,-0.006907222126606765
2014-07-09,0.004672134347374082
2014-07-10,-0.004152927095347231
2014-07-11,0.0016990766222073927
2014-07-14,0.006587066309171133
2014-07-15,0.0003084063599724919
2014-07-16,0.0045437813733098815
2014-07-17,-0.009416974944859985
2014-07-18,0.007266971828040661
2014-07-21,-0.0028333035090859116
2014-07-22,0.003624852141102475
2014-07-23,-0.0015724391329905941
2014-07-24,-0.00016562657469622425
2014-07-25,-0.007213266369308911
2014-07-28,0.0012983054225182548
2014-07-29,-0.0041501325769508395
2014-07-30,-0.0018773529736975457
2014-07-31,-0.018782774774945634
2014-08-01,-0.004221984749415895
2014-08-04,0.004602455410871148
2014-08-05,-0.008437904362772412
2014-08-06,0.0008442146946918543
2014-08-07,-0.004565374187969093
2014-08-08,0.01134267702084581
2014-08-11,0.0009695582861591944
2014-08-12,-0.000569704972486309
2014-08-13,0.005510689868808529
2014-08-14,0.0037101094176006486
2014-08-15,-0.003031666465233773
2014-08-18,0.01055217846102522
2014-08-19,0.00480142813535921
2014-08-20,0.0035189978007741838
2014-08-21,0.0035549524622286643
2014-08-22,-0.0022459592393904064
2014-08-25,0.00444968066997532
2014-08-26,0.0017468072310676222
2014-08-27,0.0008949709762840098
2014-08-28,-0.0024786809492576335
2014-08-29,0.0011054142463774567
2014-09-02,-0.0018065965043614722
2014-09-03,0.0006280921233027759
2014-09-04,-0.0005094189813023964
2014-09-05,0.003970806545913774
2014-09-08,-0.0015136520444223806
2014-09-09,-0.005700871114144781
2014-09-10,0.0032232525580599917
2014-09-11,-0.0011547445589033458
2014-09-12,-0.0036066631473987685
2014-09-15,0.002568357575654173
2014-09-16,0.005920331815721188
2014-09-17,0.0014522556366837777
2014-09-18,0.006361307582685811
2014-09-19,0.0007963632551623161
2014-09-22,-0.006195695074115774
2014-09-23,-0.006802083309070064
2014-09-24,0.009040289354926036
2014-09-25,-0.015354972614854452
2014-09-26,0.009875603394351532
2014-09-29,-0.002450162594262324
2014-09-30,-0.0016589324020192878
2014-10-01,-0.013975907856057497
2014-10-02,-0.0002177960821698116
2014-10-03,0.012418271477080267
2014-10-06,-0.0010452865396135284
2014-10-07,-0.016038220541422385
2014-10-08,0.01643780066138787
2014-10-09,-0.019710819325629604
2014-10-10,-0.006912075873763912
2014-10-13,-0.013480938824112455
2014-10-14,-0.00036027049697104417
2014-10-15,-0.01063119706236953
2014-10-16,-0.0015178041524643564
2014-10-17,0.01632847807689158
2014-10-20,0.001175794745064281
2014-10-21,0.013118556653884077
2014-10-22,-0.009238143559872281
2014-10-23,0.013156903577598987
2014-10-24,0.007645446968742971
2014-10-27,0.000745593234559516
2014-10-28,0.011167241647907016
2014-10-29,-0.0018487864398805515
2014-10-30,0.013026155407789591
2014-10-31,0.011346044469981088
2014-11-03,-0.0013961629669497426
2014-11-04,0.0010134605994157942
2014-11-05,0.005792160995499193
2014-11-06,0.004000107523622444
2014-11-07,0.0011085495603113695
2014-11-10,0.002265287274957924
2014-11-11,6.585767701804696e-05
2014-11-12,-0.00015327932602516775
2014-11-13,0.0023046524568197126
2014-11-14,-0.0010225012590077416
2014-11-17,0.0007377483308513989
2014-11-18,0.002270544403677506
2014-11-19,-0.00011816040642657747
2014-11-20,0.0018811776500037283
2014-11-21,0.0051391162029460645
2014-11-24,0.00044020065064352085
2014-11-25,-0.00016612507646820133
2014-11-26,0.0007190593962147114
2014-11-28,2.7485240706292198e-05
2014-12-01,-0.002885310047430499
2014-12-02,0.005780005400297016
2014-12-03,0.0018495991230204178
2014-12-04,-0.0006989485625218666
2014-12-05,0.0032787526326669867
2014-12-08,-0.00591966385263157
2014-12-09,-0.002872430048934313
2014-12-10,-0.01505797361975593
2014-12-11,0.00360403008016236
2014-12-12,-0.017930433260552957
2014-12-15,-0.00578618040915868
2014-12-16,-0.006517143515683818
2014-12-17,0.016872821692355735
2014-12-18,0.024271657274612446
2014-12-19,0.001499031114035927
2014-12-22,0.008685298346513267
2014-12-23,0.003604232648679445
2014-12-24,0.00033510558322524
2014-12-26,0.0013033680694789467
2014-12-29,-0.0008574414898654938
2014-12-30,-0.0030579496990558305
2014-12-31,-0.008897257253627996
2015-01-02,0.000556582002988368
2015-01-05,-0.01858017079581159
2015-01-06,-0.007428442461139494
2015-01-07,0.012254456113527625
2015-01-08,0.018388332465145398
2015-01-09,-0.00952095363658548
2015-01-12,-0.005442182240095282
2015-01-13,-0.0015396092249575334
2015-01-14,-0.010593470529724631
2015-01-15,-0.006104289356398631
2015-01-16,0.011019178775004062
2015-01-20,0.00020900467519473437
2015-01-21,0.002229488279628602
2015-01-22,0.014794112888708666
2015-01-23,-0.0079364633843757
2015-01-26,0.0003451670948248805
2015-01-27,-0.016488203318117373
2015-01-28,-0.011263451698116038
2015-01-29,0.013115883143693585
2015-01-30,-0.014463005652571954
2015-02-02,0.011423860832685219
2015-02-03,0.01758880804375778
2015-02-04,0.00037472263732276983
2015-02-05,0.011987764400198754
2015-02-06,-0.0033877778324484225
2015-02-09,-0.005334293820399115
2015-02-10,0.007871191102141566
2015-02-11,-0.00037047898119393745
2015-02-12,0.006171712907859954
2015-02-13,0.0026134546454057573
2015-02-17,0.0015666491854591427
2015-02-18,-0.0009824031809252654
2015-02-19,-0.0024448345382794704
2015-02-20,0.008599576220534247
2015-02-23,-0.0013009607264211091
2015-02-24,0.005097467328739369
2015-02-25,0.0008446284540938405
2015-02-26,-0.0005569404381009514
2015-02-27,-0.0044865551579461515
2015-03-02,0.008599381228388507
2015-03-03,-0.004661912893420777
2015-03-04,-0.005848916986250213
2015-03-05,0.002145118777249126
2015-03-06,-0.015380696217189188
2015-03-09,0.007780798105817641
2015-03-10,-0.018492174806009565
2015-03-11,-0.0015597629839652558
2015-03-12,0.014733442243125996
2015-03-13,-0.00815357397114983
2015-03-16,0.012851767195457003
2015-03-17,-0.007138955422969287
2015-03-18,0.01272390509762951
2015-03-19,-0.006481454333020391
2015-03-20,0.009389148523055122
2015-03-23,-0.0006404580847490205
2015-03-24,-0.00579044868525359
2015-03-25,-0.016245501395247528
2015-03-26,-0.002275018144835935
2015-03-27,0.0019475931696782025
2015-03-30,0.014884833785552337
2015-03-31,-0.011136323305506098
2015-04-01,-0.004384533857782165
2015-04-02,0.0036760842075287577
2015-04-06,0.0066209768037811196
2015-04-07,-0.0003036768386290524
2015-04-08,0.0015154888668350254
2015-04-09,0.003140341773304479
2015-04-10,0.005508184598799686
2015-04-13,-0.004464036017975793
2015-04-14,0.0033186776020968888
2015-04-15,0.004208641270298882
2015-04-16,-0.0003776374581024019
2015-04-17,-0.015435410921490837
2015-04-20,0.011703494275312377
2015-04-21,-0.004731928540892598
2015-04-22,0.004940502819284468
2015-04-23,0.0011320376067105245
2015-04-24,0.0011877937989965347
2015-04-27,-0.0023323934438559796
2015-04-28,0.004001004547629154
2015-04-29,-0.004119791453848539
2015-04-30,-0.010812546124233578
2015-05-01,0.010287816722830998
2015-05-04,0.002571007863932995
2015-05-05,-0.007869222596068749
2015-05-06,-0.004809183297821374
2015-05-07,0.00460038627999817
2015-05-08,0.014898968202516575
2015-05-11,-0.004724285653816745
2015-05-12,-0.0020403011957357314
2015-05-13,-0.00042837621615387687
2015-05-14,0.010617098428669432
2015-05-15,0.0011132880128685416
2015-05-18,0.0014404111958039654
2015-05-19,0.0007382965514828448
2015-05-20,-0.001473865508543558
2015-05-21,1.859406958557896e-05
2015-05-22,-0.002937808368707045
2015-05-26,-0.01044755326069188
2015-05-27,0.006731686984592264
2015-05-28,-0.002029952116914815
2015-05-29,-0.006368709905925741
2015-06-01,0.0016484663544074232
2015-06-02,-0.0015759100284528694
2015-06-03,0.0035715197807677434
2015-06-04,-0.009442766676974768
2015-06-05,-0.0031342184950167835
2015-06-08,-0.004644958446922196
2015-06-09,-0.00014127672508159431
2015-06-10,0.013305531849736917
2015-06-11,0.0021649518899578635
2015-06-12,-0.007790183360061845
2015-06-15,-0.00601547362845871
2015-06-16,0.006368889735751011
2015-06-17,0.001745931744457367
2015-06-18,0.01004140336557056
2015-06-19,-0.005513959054617363
2015-06-22,0.005763226474318484
2015-06-23,0.0013405240019470918
2015-06-24,-0.009810367795097792
2015-06-25,-0.004214054604039678
2015-06-26,0.003148064097089142
2015-06-29,-0.019520602139225848
2015-06-30,0.001316182049118133
2015-07-01,0.00785492899632291
2015-07-02,-0.0015654995435836353
2015-07-06,-0.002624349200315104
2015-07-07,0.00527777746361303
2015-07-08,-0.014709530508958058
2015-07-09,0.001895472674934471
2015-07-10,0.012068755263946731
2015-07-13,0.012233388756228062
2015-07-14,0.00422190182492966
2015-07-15,-0.00018888220508084778
2015-07-16,0.0038825119098602257
2015-07-17,-0.00186531642775344
2015-07-20,0.0007718485385467644
2015-07-21,-0.01000640316987289
2015-07-22,-0.0038087446545036104
2015-07-23,-0.006673000564673129
2015-07-24,-0.009214456189741406
2015-07-27,-0.007282339501369705
2015-07-28,0.01087577885839873
2015-07-29,0.0068700025581003
2015-07-30,-0.00030476486630060266
2015-07-31,-0.0031624063590739416
2015-08-03,-0.005181499457881512
2015-08-04,-0.00269970792467423
2015-08-05,-0.0005823132879674547
2015-08-06,-0.006882369742658045
2015-08-07,-0.0026619210953084276
2015-08-10,0.013917268833122698
2015-08-11,-0.01205381497879374
2015-08-12,-1.8962422225438276e-05
2015-08-13,0.0003298374774674229
2015-08-14,0.003972254534488042
2015-08-17,0.0038781512124228335
2015-08-18,-0.0019287348434156928
2015-08-19,-0.009285982683221306
2015-08-20,-0.02063782190396651
2015-08-21,-0.031248878062044492
2015-08-24,-0.03574780904934763
2015-08-25,-0.012910684976388262
2015-08-26,0.03951567809917248
2015-08-27,0.022674144070403704
2015-08-28,-0.0007061040170474907
2015-08-31,-0.006908606075463487
2015-09-01,-0.028417179784886552
2015-09-02,0.0182478274542527
2015-09-03,0.0014298487344799656
2015-09-04,-0.01663413692780847
2015-09-08,0.024238652919630583
2015-09-09,-0.014497946967988258
2015-09-10,0.004726961522914653
2015-09-11,0.006288272179493491
2015-09-14,-0.0037807862063678234
2015-09-15,0.013981464740002995
2015-09-16,0.008439835299716696
2015-09-17,-0.0038954716113249518
2015-09-18,-0.01740117087282919
2015-09-21,0.007666354584615348
2015-09-22,-0.010885398653801039
2015-09-23,-0.0030972776656152537
2015-09-24,-0.004826199685624394
2015-09-25,0.0069963435078129665
2015-09-28,-0.019171702522944114
2015-09-29,0.0029521512771303756
2015-09-30,0.014678054199822765
2015-10-01,-0.0007792590591168709
2015-10-02,0.012313168440776448
2015-10-05,0.01845878886887566
2015-10-06,0.0008201983377869069
2015-10-07,0.007272103531883927
2015-10-08,0.008186945706347225
2015-10-09,0.0019787985865725322
2015-10-12,0.002772690317357965
2015-10-13,-0.0029167877860314735
2015-10-14,-0.00919921624597743
2015-10-15,0.012821459696598177
2015-10-16,0.004329779631601275
2015-10-19,0.0008463072368271847
2015-10-20,-0.0007794300120599987
2015-10-21,-0.0028169652165781598
2015-10-22,0.018670701938013574
2015-10-23,0.009007865443509058
2015-10-26,-0.0013401939172764004
2015-10-27,-0.002361679731941916
2015-10-28,0.01126700160339632
2015-10-29,-0.0013341192563129467
2015-10-30,-0.005196048615100328
2015-11-02,0.009353730905582771
2015-11-03,0.005013809148813662
2015-11-04,-0.0028222779695448305
2015-11-05,-0.0002322642461934663
2015-11-06,0.0026254756225428965
2015-11-09,-0.010041691024118605
2015-11-10,0.0015639734513673382
2015-11-11,-0.003152907866276948
2015-11-12,-0.014356956359145997
2015-11-13,-0.011624781422816283
2015-11-16,0.013787572686723802
2015-11-17,0.0003712175420594967
2015-11-18,0.01416049629777866
2015-11-19,-0.0002486305586689106
2015-11-20,0.005135131324808691
2015-11-23,-0.001746540161727544
2015-11-24,0.0010965183434984724
2015-11-25,6.736959351998422e-05
2015-11-27,-0.0008364494349474086
2015-11-30,-0.004414419425468303
2015-12-01,0.009505121919286335
2015-12-02,-0.008870018755223275
2015-12-03,-0.014214018527125252
2015-12-04,0.021167581262262234
2015-12-07,-0.006562215823613702
2015-12-08,-0.009165556997514365
2015-12-09,-0.004308970856102045
2015-12-10,0.0047135025125341285
2015-12-11,-0.017612768318183807
2015-12-14,0.005982551037606892
2015-12-15,0.009005383308863739
2015-12-16,0.012792077106244784
2015-12-17,-0.014268337137284221
2015-12-18,-0.020992990333702232
2015-12-21,0.007185079881250877
2015-12-22,0.009601996797981956
2015-12-23,0.010641162478390708
2015-12-24,-0.0028654841526343155
2015-12-28,-0.0013616549976440417
2015-12-29,0.010994239591243125
2015-12-30,-0.006608550994358133
2015-12-31,-0.010159129782258115
2016-01-04,-0.01584444904829433
2016-01-05,0.0005667988808638415
2016-01-06,-0.014695203471599848
2016-01-07,-0.023210585744781145
2016-01-08,-0.010151930774307885
2016-01-11,0.003188459879668
2016-01-12,0.007174406061016385
2016-01-13,-0.022087983812276737
2016-01-14,0.014094125528359407
2016-01-15,-0.023870126777804535
2016-01-19,0.0017475519261850397
2016-01-20,-0.015564416128351528
2016-01-21,0.007353454169980637
2016-01-22,0.013274208131121443
2016-01-25,-0.012942484268503321
2016-01-26,0.01775298044345626
2016-01-27,-0.013779107490893644
2016-01-28,0.007851002793446771
2016-01-29,0.024683813700866968
2016-02-01,-0.0010396992645584607
2016-02-02,-0.017972932389334874
2016-02-03,0.011336214848262298
2016-02-04,0.004892064840671342
2016-02-05,-0.012890017287401053
2016-02-08,-0.010979347693948219
2016-02-09,-0.000790538495855449
2016-02-10,-0.006221908060130921
2016-02-11,-0.015995234606408868
2016-02-12,0.020029143981742218
2016-02-16,0.013933406119004553
2016-02-17,0.015893645567135056
2016-02-18,-0.002455355379264369
2016-02-19,-0.0013062473840019233
2016-02-22,0.013950106118903087
2016-02-23,-0.011364169653912721
2016-02-24,0.0032382371234280626
2016-02-25,0.012878382091830159
2016-02-26,-0.0034328924034977954
2016-02-29,-0.007420085492942665
2016-03-01,0.0211049556504103
2016-03-02,0.0020302305118029655
2016-03-03,0.002637975965896956
2016-03-04,0.003710479877714043
2016-03-07,0.003950191600168656
2016-03-08,-0.006433777772571794
2016-03-09,0.002137454978454621
2016-03-10,-0.0003076405440825702
2016-03-11,0.012837795297829453
2016-03-14,0.000919056241942991
2016-03-15,0.0013001236858737391
2016-03-16,0.004302806765544828
2016-03-17,0.008988350294590438
2016-03-18,0.006910738157902882
2016-03-21,0.0012254080432670565
2016-03-22,-0.0023434126556766063
2016-03-23,-0.00454882306739001
2016-03-24,0.0007507460324443078
2016-03-28,0.0011224196764850712
2016-03-29,0.005572730347029702
2016-03-30,0.0047382452670005045
2016-03-31,-0.0017819385821029308
2016-04-01,0.0060876139165817
2016-04-04,-0.00313329867502213
2016-04-05,-0.00753678750634269
2016-04-06,0.006403905626893084
2016-04-07,-0.009826682584436155
2016-04-08,0.0019952160419930273
2016-04-11,-0.0011691441523448466
2016-04-12,0.009389163274268496
2016-04-13,0.010553995908866408
2016-04-14,0.001013497667001044
2016-04-15,-0.001616049598274791
2016-04-18,0.005961739822298848
2016-04-19,0.002746032028153421
2016-04-20,0.0023635175255905688
2016-04-21,-0.006285825753041925
2016-04-22,0.0011805909294136507
2016-04-25,-0.0014724710129833173
2016-04-26,0.0007275866595761144
2016-04-27,0.0028476425099720052
2016-04-28,-0.011683585944666666
2016-04-29,-0.0032034529094665054
2016-05-02,0.006612038952066118
2016-05-03,-0.007839066891135064
2016-05-04,-0.005613796701126954
2016-05-05,0.0005353725456426752
2016-05-06,0.004525299379243637
2016-05-09,-0.0019570894607463863
2016-05-10,0.012563036861703165
2016-05-11,-0.012116563989435702
2016-05-12,0.0005296107756031814
2016-05-13,-0.010450043734657617
2016-05-16,0.01000209862152498
2016-05-17,-0.010204559839780539
2016-05-18,-0.00019167163910059122
2016-05-19,-0.005204654405698163
2016-05-20,0.003759019007306814
2016-05-23,-0.00045768970123881344
2016-05-24,0.01218320773020866
2016-05-25,0.008215271051420229
2016-05-26,-0.00130073030236644
2016-05-27,0.0025201519607320885
2016-05-31,-0.0048127869516517135
2016-06-01,0.00013886390213173103
2016-06-02,0.0027482241098346996
2016-06-03,-0.0017658376012413557
2016-06-06,0.006360960203424958
2016-06-07,0.0010016556614748215
2016-06-08,0.003722207480315863
2016-06-09,-0.0011030238738576445
2016-06-10,-0.006663816173195755
2016-06-13,-0.007436746236007856
2016-06-14,-0.0032516602302667115
2016-06-15,-0.0019604160042366175
2016-06-16,0.005268089819996082
2016-06-17,-0.003267336224348743
2016-06-20,0.0073385474304051065
2016-06-21,0.0013962472065227425
2016-06-22,-0.0027426102358250977
2016-06-23,0.012948776856873269
2016-06-24,-0.033885826883133525
2016-06-27,-0.014971193770383369
2016-06-28,0.01572206690221371
2016-06-29,0.016367868064506443
2016-06-30,0.013298347299866474
2016-07-01,0.0010808706530230847
2016-07-05,-0.006058708467205256
2016-07-06,0.004372045366136379
2016-07-07,-0.0012690709440792854
2016-07-08,0.014017751571870206
2016-07-11,0.00441897552948897
2016-07-12,0.00662426420686303
2016-07-13,0.0013325942749134211
2016-07-14,0.007309444963346684
2016-07-15,0.0005479182618346518
2016-07-18,0.0008910947233690942
2016-07-19,0.0014007408386638534
2016-07-20,0.0019408362838319738
2016-07-21,-0.0041839136586496115
2016-07-22,0.002895681481517429
2016-07-25,-0.004188822805633412
2016-07-26,-0.0010441754906976622
2016-07-27,-8.552676094467806e-05
2016-07-28,-0.0008564234737986772
2016-07-29,-0.0013063254652191222
2016-08-01,-0.0015044291958005755
2016-08-02,-0.004930313276473972
2016-08-03,0.0022513114448854364
2016-08-04,-0.00016071915009538152
2016-08-05,0.010433711765170625
2016-08-08,-0.0007679228280698424
2016-08-09,0.00020292196840776948
2016-08-10,-0.0020174768858876127
2016-08-11,0.006372305719287691
2016-08-12,-0.0019904886340681004
2016-08-15,0.0032072831921241282
2016-08-16,-0.004509002712484611
2016-08-17,0.001181542495102865
2016-08-18,0.0012792116266124494
2016-08-19,-0.0024266441549224377
2016-08-22,-0.001247805560092292
2016-08-23,0.0009649519520849017
2016-08-24,-0.003548764510198234
2016-08-25,-0.001789358860870434
2016-08-26,-0.0028734183596309058
2016-08-29,0.005848744794894383
2016-08-30,-0.0026314665899944993
2016-08-31,-0.002894718304134985
2016-09-01,0.0010010390807395218
2016-09-02,0.003944775317194457
2016-09-06,0.0024962199788448524
2016-09-07,-0.0006462359721481771
2016-09-08,-0.0024953929960585186
2016-09-09,-0.021345342049825952
2016-09-12,0.013249324733418243
2016-09-13,-0.014096535511187664
2016-09-14,-0.0017701025364273907
2016-09-15,0.009853743629666423
2016-09-16,-0.004869188600344396
2016-09-19,-0.00020028912259024149
2016-09-20,0.0005402819068475005
2016-09-21,0.009031459528868326
2016-09-22,0.005398579838960866
2016-09-23,-0.007123027588479105
2016-09-26,-0.009124138554167329
2016-09-27,0.007376140035579086
2016-09-28,0.006086140781093263
2016-09-29,-0.010676014927554297
2016-09-30,0.009077656123835364
2016-10-03,-0.0029658922392487995
2016-10-04,-0.0046784650909259045
2016-10-05,0.006196455944232893
2016-10-06,-0.0006854099577539578
2016-10-07,-0.0015332402769794127
2016-10-10,0.004854584498552356
2016-10-11,-0.010932378346056367
2016-10-12,0.0008572062138073566
2016-10-13,-0.0024944610398916476
2016-10-14,0.0021791331426040603
2016-10-17,-0.002865746555094753
2016-10-18,0.004176618895965876
2016-10-19,0.002239848826722272
2016-10-20,-0.0022123188859625945
2016-10-21,-0.0009161810008065818
2016-10-24,0.004261062256588456
2016-10-25,-0.0029501131260826767
2016-10-26,0.001654441813017326
2016-10-27,-0.0016291808544601067
2016-10-28,-0.0004672619440739518
2016-10-31,-0.0010335225830466197
2016-11-01,-0.005805179242901428
2016-11-02,-0.004294481928913137
2016-11-03,-0.0016130612863064719
2016-11-04,-0.0023641057473033312
2016-11-07,0.02075772516977595
2016-11-08,0.0040055641963681055
2016-11-09,0.014015908151209098
2016-11-10,0.011737151076752885
2016-11-11,0.0021150709170836284
2016-11-14,0.0011157883790347892
2016-11-15,0.0028814930978251605
2016-11-16,-0.002902279018298409
2016-11-17,0.0018910184045698353
2016-11-18,-0.0018985580692156092
2016-11-21,0.00470427863575911
2016-11-22,0.0035438676266795676
2016-11-23,0.003117662179146583
2016-11-25,0.003613653489617513
2016-11-28,-0.0028320594983118315
2016-11-29,0.001240974138517695
2016-11-30,0.00010354782026625396
2016-12-01,0.003574121581837634
2016-12-02,-0.0011207835793483009
2016-12-05,0.002390140643762805
2016-12-06,0.0018494773171024734
2016-12-07,0.015470777247610359
2016-12-08,0.0033345916698126273
2016-12-09,0.0072414670343478845
2016-12-12,0.0020033557981156786
2016-12-13,0.005798015096661308
2016-12-14,-0.005960461468690266
2016-12-15,0.0030167947200283526
2016-12-16,-0.00044478607955584587
2016-12-19,0.00199814447214473
2016-12-20,0.004604924996454151
2016-12-21,-0.00163507491006086
2016-12-22,-0.001157358654816182
2016-12-23,0.0007495401347867094
2016-12-27,0.0005633644546626842
2016-12-28,-0.005583343026637228
2016-12-29,-0.0007008280863662949
2016-12-30,-0.0028849967053115773
2017-01-03,0.006029571007863331
2017-01-04,0.003037960422015026
2017-01-05,-0.0021497169815104774
2017-01-06,0.003241824205788166
2017-01-09,-0.0038279285506766375
2017-01-10,-0.0016015181486954129
2017-01-11,0.004973425539383739
2017-01-12,-0.00317124947630277
2017-01-13,-0.00026494394449753337
2017-01-17,-0.002964940185751246
2017-01-18,-0.0011121327377076181
2017-01-19,-0.0036516547570478
2017-01-20,0.004806815187204726
2017-01-23,-0.001381936476314237
2017-01-24,0.005700043182145349
2017-01-25,0.007824148496111242
2017-01-26,0.0016144696342678883
2017-01-27,-0.0003547103091353087
2017-01-30,-0.006103878911782543
2017-01-31,-0.005359736780042034
2017-02-01,0.0013516853779860314
2017-02-02,-0.00030315309382054526
2017-02-03,0.009381485759804761
2017-02-06,-0.0009486106142752382
2017-02-07,0.0018885501101613981
2017-02-08,-0.0017894216559343208
2017-02-09,0.005887005007394973
2017-02-10,0.004807063115940469
2017-02-13,0.007044619541702622
2017-02-14,0.004519364927572584
2017-02-15,0.005240336103306592
2017-02-16,0.00038375964129388877
2017-02-17,0.00020756778567359557
2017-02-21,0.005767538383586189
2017-02-22,0.001571614520561083
2017-02-23,0.0016711912050675392
2017-02-24,0.0005497272507101616
2017-02-27,0.0007530583389684778
2017-02-28,-0.0012093616106391711
2017-03-01,0.014573635514485593
2017-03-02,-0.005331615799730441
2017-03-03,0.00013045774002429003
2017-03-06,-0.0024455255261545067
2017-03-07,-0.0014116407388637267
2017-03-08,-0.0032989625687462527
2017-03-09,0.00011795319559656396
2017-03-10,0.0021473579442895514
2017-03-13,-0.0010285614778371313
2017-03-14,-0.002112398163348603
2017-03-15,0.0054099917599965625
2017-03-16,-0.0007422398938429541
2017-03-17,-0.0009520147316278731
2017-03-20,-0.00041884576435041135
2017-03-21,-0.01137719280622764
2017-03-22,-0.00032465631669421137
2017-03-23,-0.00022844641915065975
2017-03-24,-0.0028978659584500714
2017-03-27,-0.00222074194337747
2017-03-28,0.007324224927473066
2017-03-29,-0.0020375335120643573
2017-03-30,0.0033481256885513123
2017-03-31,-0.003148806304752562
2017-04-03,-0.0006296211335891519
2017-04-04,0.0018900534183430811
2017-04-05,-0.0019860565202008454
2017-04-06,0.0007167712361639794
2017-04-07,-0.00033151123145543993
2017-04-10,9.295075062581474e-05
2017-04-11,-0.0003252973905534589
2017-04-12,-0.0028782691646530092
2017-04-13,-0.006731300620730744
2017-04-17,0.00897999095498262
2017-04-18,-0.0055066356801305345
2017-04-19,-0.005788061167610501
2017-04-20,0.008538316811642806
2017-04-21,-0.0015039815420889225
2017-04-24,0.010518421472705592
2017-04-25,0.011184320471742028
2017-04-26,-0.0010016136314709022
2017-04-27,0.00029749574376088973
2017-04-28,-0.0019455392008039215
2017-05-01,-0.0012917545943245544
2017-05-02,0.0017419403580278105
2017-05-03,0.0003823409096659714
2017-05-04,-0.00030680554826582293
2017-05-05,0.002647546926301473
2017-05-08,0.00025420170667408705
2017-05-09,-0.001737079460201368
2017-05-10,-0.001557510614623068
2017-05-11,-0.0011311596033255007
2017-05-12,-0.0010903743985252782
2017-05-15,0.004083437457080268
2017-05-16,-0.00010437547719604052
2017-05-17,-0.01777046914286394
2017-05-18,0.00272189986572479
2017-05-19,0.006863469134715047
2017-05-22,0.004325435812051503
2017-05-23,0.0020617540319781548
2017-05-24,0.003558616882009637
2017-05-25,0.003356586247562274
2017-05-26,-0.00012664261879869238
2017-05-30,-0.002410309540480377
2017-05-31,-0.0009900392163948834
2017-06-01,0.006451152263472371
2017-06-02,0.0029374513459495986
2017-06-05,-0.0010492170011821963
2017-06-06,-0.0022568877324628026
2017-06-07,0.0017723122808561002
2017-06-08,0.0004174992644173097
2017-06-09,0.004222347377768488
2017-06-12,-0.0017064710038610861
2017-06-13,0.004370005749759858
2017-06-14,0.0021609613816649833
2017-06-15,-0.0006858620715467291
2017-06-16,0.0011413911113814848
2017-06-19,0.00676712052030757
2017-06-20,-0.00287287048765419
2017-06-21,-0.0026603450669255703
2017-06-22,-0.0005950482087132977
2017-06-23,-0.00011823927235656822
2017-06-26,0.0006912907646545637
2017-06-27,-0.004618966769502368
2017-06-28,0.0067548353734704
2017-06-29,-0.007810908704469656
2017-06-30,0.002940757822956147
2017-07-03,0.006072236380677296
2017-07-05,-5.1212168756302366e-05
2017-07-06,-0.007362359083664827
2017-07-07,0.004423068624636693
2017-07-10,-0.0002717804984883825
2017-07-11,2.5690706316890304e-05
2017-07-12,0.00574849818324662
2017-07-13,0.0009729641364026394
2017-07-14,0.003927511090057224
2017-07-17,-0.00037064869066734494
2017-07-18,-0.0025423352683253226
2017-07-19,0.0030600614700624497
2017-07-20,-0.0013386781881404833
2017-07-21,-0.001467255357957518
2017-07-24,-0.0031000826225309488
2017-07-25,0.0046604010473585275
2017-07-26,0.004514785482914933
2017-07-27,0.003939936465415514
2017-07-28,0.0015488689723833376
2017-07-31,0.0027855765676253644
2017-08-01,0.0033255493551722923
2017-08-02,0.002382088443228866
2017-08-03,0.0004478512225519409
2017-08-04,0.0030286796119150814
2017-08-07,0.0011592006630209983
2017-08-08,-0.0014955860319135865
2017-08-09,-0.0016590190597020203
2017-08-10,-0.009283540526198928
2017-08-11,0.0006550994986726939
2017-08-14,0.006193980141200212
2017-08-15,0.0002400686378061034
2017-08-16,0.0011764176446281114
2017-08-17,-0.012446838505743709
2017-08-18,-0.003504250202177176
2017-08-21,0.0013490501054003806
2017-08-22,0.00903714795830211
2017-08-23,-0.004009152557387242
2017-08-24,-0.0013153255831971486
2017-08-25,0.001389590238438297
2017-08-28,-0.00024159162580147215
2017-08-29,0.0026122961794536746
2017-08-30,0.001237573386592649
2017-08-31,0.0025428881124661927
2017-09-01,0.0017978777206228678
2017-09-05,-0.01065375148493057
2017-09-06,0.002497550947418949
2017-09-07,-0.0010482564825905318
2017-09-08,0.0005972059391925022
2017-09-11,0.011908546692118702
2017-09-12,0.002787730359512562
2017-09-13,0.0017776684693514813
2017-09-14,0.0020443917325339567
2017-09-15,0.0029211637094725953
2017-09-18,0.0028295777772388243
2017-09-19,0.0017665747928361129
2017-09-20,0.001868060149838221
2017-09-21,-0.0023808047173486235
2017-09-22,-0.0004311418595362818
2017-09-25,-0.002393779930638549
2017-09-26,-0.0005278952497949388
2017-09-27,0.0025304788299575407
2017-09-28,0.0018123864460888486
2017-09-29,0.0010674137222311322
2017-10-02,0.0068069353883424884
2017-10-03,0.0037269035713018987
2017-10-04,0.000882002078468645
2017-10-05,0.005019495499884386
2017-10-06,-7.552011184006791e-05
2017-10-09,-0.0005532705093205683
2017-10-10,0.0030582920750211033
2017-10-11,0.001848827980594495
2017-10-12,-0.0013937897659631563
2017-10-13,0.0013445114730041609
2017-10-16,0.0037268731866251406
2017-10-17,0.001763299670339608
2017-10-18,0.0069642534125537395
2017-10-19,0.00023491208069930945
2017-10-20,0.007148888919589144
2017-10-23,-0.0023434723770749456
2017-10-24,0.007209774357264482
2017-10-25,-0.004790595927950772
2017-10-26,0.003060508044335422
2017-10-27,0.0014243066280469226
2017-10-30,-0.0036463816329899645
2017-10-31,0.001220622611755495
2017-11-01,0.002471207037272013
2017-11-02,0.0034670350044655415
2017-11-03,0.000975070015385112
2017-11-06,0.00039211204803561906
2017-11-07,0.0003741227649244115
2017-11-08,0.00026021735153076227
2017-11-09,-0.004304139986827086
2017-11-10,-0.0016933808542686395
2017-11-13,0.000746727144876662
2017-11-14,-0.001289692274218508
2017-11-15,-0.0059031665390118756
2017-11-16,0.008039093681138372
2017-11-17,-0.004267988043494898
2017-11-20,0.003086277048270766
2017-11-21,0.006850095581240213
2017-11-22,-0.0027404716154540323
2017-11-24,0.0013521107124064046
2017-11-27,0.0009674000201204447
2017-11-28,0.01085333055140671
2017-11-29,0.004361759655590103
2017-11-30,0.013853825371710338
2017-12-01,-0.0016792770374520144
2017-12-04,0.0024125532001820402
2017-12-05,-0.004504313494620219
2017-12-06,-0.0016430499771718022
2017-12-07,0.0029232535144698237
2017-12-08,0.00486050419057407
2017-12-11,0.0023375241890800577
2017-12-12,0.004870411460988133
2017-12-13,0.0032903757631158395
2017-12-14,-0.003122581138503595
2017-12-15,0.005837936468170914
2017-12-18,0.005697772246502645
2017-12-19,-0.0015105557393051334
2017-12-20,-0.0011351356810308545
2017-12-21,0.002250203727557086
2017-12-22,-0.0011391199118402522
2017-12-26,-0.0003171196967286248
2017-12-27,0.0011351233178737328
2017-12-28,0.002551434349305495
2017-12-29,-0.004762554700531464
2018-01-02,0.00423921143142855
2018-01-03,0.003974780867394184
2018-01-04,0.006116918405243767
2018-01-05,0.008803144789279176
2018-01-08,-0.0005087787057728784
2018-01-09,0.004065973183562049
2018-01-10,-0.0006566663252683884
2018-01-11,0.008104337831056822
2018-01-12,0.008933036634208812
2018-01-16,-0.00040033809773125373
2018-01-17,0.01251470368156152
2018-01-18,-0.003746412591683536
2018-01-19,0.002072042189561683
2018-01-22,0.005480267508242547
2018-01-23,-0.00014457592334032315
2018-01-24,0.001576067279111087
2018-01-25,0.005358424386297255
2018-01-26,0.008484135250574048
2018-01-29,-0.006658599053000899
2018-01-30,-0.013713961091519204
2018-01-31,0.0027802395147580867
2018-02-01,0.001427184343497103
2018-02-02,-0.025423201310893963
2018-02-05,-0.04604881634546659
2018-02-06,0.023290307343170797
2018-02-07,-0.0007795199008380799
2018-02-08,-0.04149260746343901
2018-02-09,0.013848852872073813
2018-02-12,0.01696381697249788
2018-02-13,0.0015926007071992742
2018-02-14,0.010269292971516384
2018-02-15,0.01232772102264477
2018-02-16,0.0007543540035325687
2018-02-20,-0.010096600312933982
2018-02-21,-0.0066882304048709144
2018-02-22,0.006641723573642509
2018-02-23,0.013921293076649518
2018-02-26,0.01577558900655428
2018-02-27,-0.011639381437123715
2018-02-28,-0.014987388838187052
2018-03-01,-0.01678919022581629
2018-03-02,-0.002881874827806689
2018-03-05,0.01372154114872965
2018-03-06,0.00037628503752400356
2018-03-07,-0.003325815821495733
2018-03-08,0.003784066680214252
2018-03-09,0.017695371920943927
2018-03-12,-0.006201910818472285
2018-03-13,-0.006814514383439028
2018-03-14,-0.00995360104738547
2018-03-15,0.004666751756595447
2018-03-16,0.0029288009886763162
2018-03-19,-0.013452783575738593
2018-03-20,0.004727984458924948
2018-03-21,-0.0018182354946582912
2018-03-22,-0.02934976507466286
2018-03-23,-0.017726519322027054
2018-03-26,0.028444920367820686
2018-03-27,-0.014250121887731048
2018-03-28,-0.00038939194080240197
2018-03-29,0.010679533486914536
2018-04-02,-0.019039866639616293
2018-04-03,0.01645943464335221
2018-04-04,0.009609143290825697
2018-04-05,0.009928990327353433
2018-04-06,-0.023360737018480255
2018-04-09,0.0019362580830627203
2018-04-10,0.017886409414865505
2018-04-11,-0.008954031465093382
2018-04-12,0.012137522763022662
2018-04-13,-0.00502020785808957
2018-04-16,0.00873968704613362
2018-04-17,0.00869204624254875
2018-04-18,-0.0015556773954346077
2018-04-19,-0.0033610701763814427
2018-04-20,-0.008187751901589699
2018-04-23,-0.0005825137943354315
2018-04-24,-0.01736534759122054
2018-04-25,0.0024850015380369953
2018-04-26,0.009903325177100087
2018-04-27,-0.0004584262862866589
2018-04-30,-0.006089376949462253
2018-05-01,-0.0026527998212154532
2018-05-02,-0.00722310630502031
2018-05-03,0.00021609213466435048
2018-05-04,0.013888755398524327
2018-05-07,0.003907674844853287
2018-05-08,0.00011865016348265811
2018-05-09,0.007484746642167771
2018-05-10,0.008026471587700293
2018-05-11,0.0037041932486186853
2018-05-14,0.0027481588664570217
2018-05-15,-0.007751187678744195
2018-05-16,0.002530517383950175
2018-05-17,-0.002218505199861307
2018-05-18,4.4913850379444435e-05
2018-05-21,0.012065503301828992
2018-05-22,-0.007151398316654907
2018-05-23,0.002109975634613484
2018-05-24,-0.0030156536735725836
2018-05-25,-0.002364604526240712
2018-05-29,-0.01582186304820931
2018-05-30,0.012574374678026065
2018-05-31,-0.01021332280407879
2018-06-01,0.008984741053348932
2018-06-04,0.007244914900258596
2018-06-05,-0.0005525175820282726
2018-06-06,0.013968156425932595
2018-06-07,0.0037786735988744485
2018-06-08,0.0029760619553344677
2018-06-11,0.00022830932991221444
2018-06-12,-6.239557133617534e-05
2018-06-13,-0.00472063799108473
2018-06-14,-0.001027332031807986
2018-06-15,-0.0033695712187854585
2018-06-18,-0.004105541225197701
2018-06-19,-0.0114961618763325
2018-06-20,-0.001716989450696972
2018-06-21,-0.007952858730300293
2018-06-22,0.004872514992825466
2018-06-25,-0.013347360490201948
2018-06-26,0.0012497526058847354
2018-06-27,-0.006816260355448723
2018-06-28,0.004082497463469573
2018-06-29,0.002286087119906037
2018-07-02,0.0014737503919220365
2018-07-03,-0.005445304638382592
2018-07-05,0.007525185296105696
2018-07-06,0.004094965089745096
2018-07-09,0.013088964560721764
2018-07-10,0.005774402369333298
2018-07-11,-0.008796668975419373
2018-07-12,0.0090864741330623
2018-07-13,0.0037921932654467255
2018-07-16,0.0017966051157881312
2018-07-17,0.002215496426000857
2018-07-18,0.003160841866743901
2018-07-19,-0.005348960228641397
2018-07-20,-0.0002545432783419186
2018-07-23,-0.0005519169035824758
2018-07-24,0.007892018500025268
2018-07-25,0.006820394945871826
2018-07-26,0.004445170200794093
2018-07-27,-0.0029776233621797723
2018-07-30,-0.005666954539417987
2018-07-31,0.004281848022845885
2018-08-01,-0.003201628632325746
2018-08-02,-0.0003023626125077013
2018-08-03,0.005386525237146172
2018-08-06,0.0015552233905597368
2018-08-07,0.004969379088375957
2018-08-08,-0.0017620725969227664
2018-08-09,-0.0029127864367030024
2018-08-10,-0.0076870215212297725
2018-08-13,-0.004955529025636436
2018-08-14,0.004455349237921586
2018-08-15,-0.005435195052000102
2018-08-16,0.015750478590882182
2018-08-17,0.00432689730671282
2018-08-20,0.0034815881371224084
2018-08-21,0.0024690696615395497
2018-08-22,-0.0034346295390533656
2018-08-23,-0.0029774302856964818
2018-08-24,0.005198195578746952
2018-08-27,0.010053760418140928
2018-08-28,0.0005520229838109478
2018-08-29,0.00232312590306481
2018-08-30,-0.005268986245515293
2018-08-31,-0.0008504278306162695
2018-09-04,-0.00047525844585096855
2018-09-05,0.000867354487894877
2018-09-06,0.0008038501651010213
2018-09-07,-0.00305163858720628
2018-09-10,-0.0022946735945462305
2018-09-11,0.004408465460317105
2018-09-12,0.0010727324953235234
2018-09-13,0.005656773435204361
2018-09-14,0.0003319820744977204
2018-09-17,-0.003538565005790525
2018-09-18,0.007092285662102705
2018-09-19,0.0060502244831401155
2018-09-20,0.009513833345451946
2018-09-21,0.0032456789928941854
2018-09-24,-0.006784826219455222
2018-09-25,-0.0026293151319269465
2018-09-26,-0.0040362808538812085
2018-09-27,0.002071230625560974
2018-09-28,0.0006951606906675251
2018-10-01,0.0072907150910242495
2018-10-02,0.00460504419874368
2018-10-03,0.0020336939576319634
2018-10-04,-0.007488708789457729
2018-10-05,-0.006776082453164937
2018-10-09,-0.000623131880493271
2018-10-10,-0.03147226866465604
2018-10-11,-0.021325658997278764
2018-10-12,0.011462178125185851
2018-10-15,-0.0035295988672451066
2018-10-16,0.021697349166651777
2018-10-17,-0.0035560317259738373
2018-10-18,-0.012729376177709435
2018-10-19,0.002556792995908084
2018-10-22,-0.004988535760801824
2018-10-23,-0.004976022428834528
2018-10-24,-0.02413558896815314
2018-10-25,0.016317095017698964
2018-10-26,-0.011856927581245128
2018-10-29,-0.009939521984291474
2018-10-30,0.017662374217155774
2018-10-31,0.009693406618145991
2018-11-01,0.010550347670148274
2018-11-02,-0.004330448994000957
2018-11-05,0.007552977088603697
2018-11-06,0.0068066939756574645
2018-11-07,0.02127130045980091
2018-11-08,0.0004171075197763926
2018-11-09,-0.007709453778785482
2018-11-13,-0.027042282785607833
2018-11-14,-0.00814624726484386
2018-11-15,0.008323996730527718
2018-11-16,0.004901288174787201
2018-11-19,-0.015573784038386418
2018-11-20,-0.022056613306557317
2018-11-21,-3.882996725206157e-05
2018-11-23,-0.007306039847633384
2018-11-26,0.01458827017267189
2018-11-27,0.004402960360775624
2018-11-28,0.024958856474655497
2018-11-29,-0.0010876579794634146
2018-11-30,0.00787802440837856
2018-12-03,0.011275934414212962
2018-12-04,-0.030951238711660906
2018-12-06,-0.0031725647468921233
2018-12-07,-0.022395678634517677
2018-12-10,0.001406784629924522
2018-12-11,-0.002170881364731686
2018-12-12,0.006443514713026988
2018-12-13,0.002858451022066483
2018-12-14,-0.020200118874449335
2018-12-17,-0.02105889045501522
2018-12-18,0.003503584540825273
2018-12-19,-0.014866757561780783
2018-12-20,-0.019896534248912964
2018-12-21,-0.018120614533937585
2018-12-24,-0.029100433630632878
2018-12-26,0.04984581639302135
2018-12-27,0.011380578666823975
2018-12-28,-0.0033026748987199112
2018-12-31,0.011493166366032922
2019-01-02,0.0008050597879067191
2019-01-03,-0.028270933563605976
2019-01-04,0.03292483278395425
2019-01-07,0.004190215916248542
2019-01-08,0.01088335348375687
2019-01-09,0.0038537127771155902
2019-01-10,0.005142568067834965
2019-01-11,-0.0002487301015917696
2019-01-14,-0.0035885222297929683
2019-01-15,0.006514054464605367
2019-01-16,0.00588267314451878
2019-01-17,0.00673106634565966
2019-01-18,0.013797645475398131
2019-01-22,-0.01221831634377393
2019-01-23,0.007012646858281735
2019-01-24,-0.000910658612071532
2019-01-25,0.0074922902232047225
2019-01-28,-0.008448005433112865
2019-01-29,0.002109407042174196
2019-01-30,0.017693275334866348
2019-01-31,-0.0006072390571045501
2019-02-01,0.0025688339086076405
2019-02-04,0.0070013074586586345
2019-02-05,0.006820693226495014
2019-02-06,-0.0008350543375603334
2019-02-07,-0.008695052835137846
2019-02-08,-0.0025109725926545745
2019-02-11,-0.002119784134120804
2019-02-12,0.014874400822891761
2019-02-13,0.00462169075771981
2019-02-14,-0.004066824646961842
2019-02-15,0.017447745405845053
2019-02-19,0.00031178464837297126
2019-02-20,0.002437882657199362
2019-02-21,-0.00399970101454694
2019-02-22,0.007008726673199078
2019-02-25,0.0023102504205431513
2019-02-26,-0.0013019341214436317
2019-02-27,-0.002794537412339702
2019-02-28,-0.002661519113216923
2019-03-01,0.004256829757678643
2019-03-04,-0.007940807613216092
2019-03-05,-0.0005042670988956255
2019-03-06,-0.0051603018294136774
2019-03-07,-0.007799104600626466
2019-03-08,-0.000902516092383964
2019-03-11,0.007883619172157096
2019-03-12,-0.0037511383625045674
2019-03-13,0.005800507617788676
2019-03-14,0.0002742882220637163
2019-03-15,0.005403746566503084
2019-03-18,0.0025235145675613505
2019-03-19,-0.0010310988998266399
2019-03-20,-0.005474095872197293
2019-03-21,0.008422387143158449
2019-03-22,-0.017725173721647048
2019-03-25,0.0005689678429257432
2019-03-26,0.005521845777864955
2019-03-27,-0.0012526439400523514
2019-03-28,0.0035850881872377957
2019-03-29,0.008213097249883977
2019-04-01,0.012717191928011682
2019-04-02,-0.0030196028550079266
2019-04-03,0.0014897362899378244
2019-04-04,0.006350567336419493
2019-04-05,0.0015296784529478177
2019-04-08,-0.0031776738609929902
2019-04-09,-0.007229788368104147
2019-04-10,0.0002516196581490012
2019-04-11,-0.0005394316508367338
2019-04-12,0.010299104350869543
2019-04-15,-0.001042317405148315
2019-04-16,0.0025730753006374288
2019-04-17,-0.00011794655055480173
2019-04-18,0.004158862498175772
2019-04-22,-0.0018257093308092535
2019-04-23,0.005482242310281944
2019-04-24,-0.002226107886326699
2019-04-25,-0.005074622937506134
2019-04-26,0.0030704313493119207
2019-04-29,0.00041667718406084204
2019-04-30,0.0014506076019822124
2019-05-01,-0.006120804379814035
2019-05-02,-0.004629184711091147
2019-05-03,0.0074943581349858675
2019-05-06,-0.0025078334424324953
2019-05-07,-0.017905341002962327
2019-05-08,8.626967978934795e-05
2019-05-09,-0.0053517246478556385
2019-05-10,0.004414140115748673
2019-05-13,-0.023798134094918752
2019-05-14,0.008176113791160339
2019-05-15,0.004542134297872719
2019-05-16,0.00836945697952512
2019-05-17,-0.0038155365182572067
2019-05-20,-0.0032642446825026606
2019-05-21,0.007688114050288368
2019-05-22,-0.003892209899553051
2019-05-23,-0.011100761504325022
2019-05-24,0.003735513703748794
2019-05-28,-0.00929894796661721
2019-05-29,-0.008732918122580431
2019-05-30,0.0017300521642367997
2019-05-31,-0.014097802611693029
2019-06-03,0.0001910131919996084
2019-06-04,0.02064482441020837
2019-06-05,0.008186820084177494
2019-06-06,0.007090565737794338
2019-06-07,0.010236129243961813
2019-06-10,0.0030303333520629127
2019-06-11,-0.0005436892905872264
2019-06-12,-0.0016768713450403365
2019-06-13,0.003920041007766583
2019-06-14,-0.000657300769110842
2019-06-17,0.0008785106408259171
2019-06-18,0.013518797297695858
2019-06-19,0.0014532104767179936
2019-06-20,0.009401222456987558
2019-06-21,-0.0012723725823891986
2019-06-24,0.0003147557573917958
2019-06-25,-0.006709184608834172
2019-06-26,-0.00042940731996350245
2019-06-27,-0.00038587894103355125
2019-06-28,0.0027662819707628115
2019-07-01,0.004416172054394111
2019-07-02,0.0025919409164728794
2019-07-03,0.00669437197890891
2019-07-05,-0.001627234295038234
2019-07-08,-0.004307981689406316
2019-07-09,-0.000844955670603743
2019-07-10,0.0028640778330232216
2019-07-11,0.00848392789331431
2019-07-12,0.00900580624392711
2019-07-15,0.0009926083060790222
2019-07-16,-0.0008600410246512991
2019-07-17,-0.004235497773418885
2019-07-18,0.0001146222334069666
2019-07-19,-0.0025261755054647025
2019-07-22,0.0006518328656340723
2019-07-23,0.006524755353876513
2019-07-24,-0.002896612294550498
2019-07-25,-0.0047301115476108555
2019-07-26,0.0018963943085327489
2019-07-29,0.0010627950037601546
2019-07-30,-0.0008570478686765391
2019-07-31,-0.01227111385314078
2019-08-01,-0.010454406540732437
2019-08-02,-0.003701931504674713
2019-08-05,-0.028969972070994002
2019-08-06,0.012123149234730533
2019-08-07,-0.000862482289339209
2019-08-08,0.014269965820832528
2019-08-09,-0.0034403421917879886
2019-08-12,-0.014825711442422677
2019-08-13,0.01475806162012011
2019-08-14,-0.03046014997768263
2019-08-15,0.003923558699530883
2019-08-16,0.011986994216828431
2019-08-19,0.009649227517102964
2019-08-20,-0.006632667311759169
2019-08-21,0.009255293416181256
2019-08-22,0.0018894977737053367
2019-08-23,-0.023744259537471855
2019-08-26,0.010532250701356683
2019-08-27,-0.004669322899914795
2019-08-28,0.01001633181911626
2019-08-29,0.012526837736834683
2019-08-30,0.001556392189589236
2019-09-03,-0.010803960720031694
2019-09-04,0.009091424235068382
2019-09-05,0.014140518078410299
2019-09-06,0.002593146177344772
2019-09-09,0.001419910693028342
2019-09-10,0.0027545591643312124
2019-09-11,0.008458373142797918
2019-09-12,0.0016733586271752503
2019-09-13,0.0013637475650649484
2019-09-16,-0.005242561220771003
2019-09-17,0.001254947959176874
2019-09-18,0.0013382120778436075
2019-09-19,-0.0019261740120853096
2019-09-20,-0.005894860229586616
2019-09-23,0.0005539246788666928
2019-09-24,-0.005277181921032295
2019-09-25,0.006078088554176595
2019-09-26,-0.0029509790435624478
2019-09-27,-0.0026354424806404116
2019-09-30,0.0036010104305516074
2019-10-01,-0.012772306397150067
2019-10-02,-0.018606075932599428
2019-10-03,0.0046942667978597755
2019-10-04,0.014223862869565493
2019-10-07,-0.00360130233930367
2019-10-08,-0.011858137428705
2019-10-09,0.0069549656704391795
2019-10-10,0.005718512974070831
2019-10-11,0.012073970049821426
2019-10-14,-0.001089996901171982
2019-10-15,0.008863882069752253
2019-10-16,-0.0008444095793493277
2019-10-17,0.0008851202763649723
2019-10-18,-0.009460561506230335
2019-10-21,0.002145669438405342
2019-10-22,-0.0014738530858473154
2019-10-23,0.0017115808885289432
2019-10-24,-0.0010591060950773887
2019-10-25,0.005690243766864616
2019-10-28,0.004920977251330394
2019-10-29,-0.000712421079986169
2019-10-30,0.004257996071133337
2019-10-31,-0.005166498753618007
2019-11-01,0.011133899253241618
2019-11-04,0.004196017458357955
2019-11-05,0.0011113494192543994
2019-11-06,-2.5461369101358784e-06
2019-11-07,0.006628702456228083
2019-11-08,0.00023270267535817164
2019-11-11,0.0003702868802120136
2019-11-12,0.0
2019-11-13,0.0033259315407007184
2019-11-14,-5.866772436539046e-05
2019-11-15,0.008024271865627921
2019-11-18,0.0011187331926674857
2019-11-19,-0.0036452845640389726
2019-11-20,-0.004042740715443044
2019-11-21,-0.001969728720190304
2019-11-22,0.00393750839597217
2019-11-25,0.006846484490748625
2019-11-26,0.001967115921596094
2019-11-27,0.0015048887548681199
2019-11-29,-0.0039976565828717565
2019-12-02,-0.009567077020370776
2019-12-03,-0.010086369238211497
2019-12-04,0.0053438175953656195
2019-12-05,0.0010130279517595452
2019-12-06,0.01218558273619391
2019-12-09,-0.003764403859924011
2019-12-10,-0.000998939433026535
2019-12-11,0.0010609101590575512
2019-12-12,0.007908983100034753
2019-12-13,0.00011837032850438365
2019-12-16,0.0035723704460362145
2019-12-17,0.0011074557947350142
2019-12-18,-0.0009863035409288028
2019-12-19,0.004875478411630902
2019-12-20,0.0027532899930084484
2019-12-23,0.003389200315303824
2019-12-24,-0.0012636800899986135
2019-12-26,0.003715178964385927
2019-12-27,0.000833991640517773
2019-12-30,-0.006392680673870616
2019-12-31,0.0026807541527095035
